Zubař Mělník,http://www.zubarmelnik.cz/,"9	Vlastni reseni (Alpine.js, vanilla CSS/JS, bez CMS)","#4FA8E0, #111111, #FFF8DC","Tlacitko Novy pacient zustava aktivni i pres upozorneni, ze ordinace nove pacienty aktualne neprijima.",,,,,,,,,,,,,,,,,,,
Dragoun Martin MUDr. - stomatologická ordinace,http://www.zubnilekar-louny.cz/,"9	Moderní SPA (platforma Macaly, React-based build)	#14B8A6, #0F172A, #FEF3C7	Hlavní CTA „Objednat se“ ztrácí smysl, protože banner hned pod ním sděluje, že ordinace nové pacienty nepřijímá.",,,,,,,,,,,,,,,,,,,,,
Zubní Centrum Poděbrady,http://zcpodebrady.cz/,"8	WordPress 7.0.2, tema GeneratePress, GP Premium","#2B1D14, #8FA31E, #FFFFFF","Webu chybi detailnejsi obsah jako cenik nebo recenze pacientu, ktery by budoval duveru pred prvni navstevou.",,,,,,,,,,,,,,,,,,,
HK Dent,http://www.hkdentdecin.cz/,"8	WordPress 7.0.2, téma Astra, Elementor Pro	#1A8A9A, #17323D, #FFFFFF	Spoléhá na Elementor Pro s množstvím pluginů, což může zpomalovat načítání stránky.",,,,,,,,,,,,,,,,,,,,,
MDDr. Kateřina Popovičová,http://www.zubarkapodebrady.cz/,7	Nicepage 6.14.4 (staticky website builder),"#4A90D9, #4A5568, #FFFFFF",Pouziva generickou rozmazanou stock fotografii na pozadi a chybi mu osobitejsi vizualni identita ordinace.,,,,,,,,,,,,,,,,,,,
Dentální hygiena Eldent,http://www.el-dent.cz/,"7	Bootstrap + jQuery, Google Fonts (Poppins), Fancybox	#8CC63F, #6A2C70, #FFFFFF	Patič web má copyright z roku 2018 a stojí na starším jQuery/Bootstrap stacku bez aktualizací.",,,Web má v patičce copyright z roku 2018 a stojí na starším jQuery/Bootstrap stacku bez viditelných aktualizací.,,,,,,,,,,,,,,,,,,
MUDr. Peter Broďáni,http://www.brodani.cz/kontakt/,"6	Webnode 2 (website builder)	#2563EB, #7C3AED, #FFFFFF	Hlavní vizuál používá rozmazanou/nekvalitní fotografii na pozadí a působí jako generé Webnode šablona bez vlastního stylu.",,,Hlavní vizuál používá rozmazanou fotografii na pozadí a působí jako typová Webnode šablona bez vlastního stylu.,,,,,,,,,,,,,,,,,,
"Libuše Martinková Dis, Dentální hygiena Poděbrady",http://dhpodebrady.cz/,4	WordPress 5.6.17 (zastarale),"#333333, #4A6D8C, #FFFFFF",Text v uvodnim slideru ma nizky kontrast na rusive stock fotografii a pod nim zeje velka prazdna plocha.,,,,,,,,,,,,,,,,,,,
MDDr. Adam Misař - Zubař Poděbrady,http://www.zubarpodebrady.cz/,4	WordPress 5.1.19 (zastarale),"#4FBEB6, #333333, #FFFFFF","Hlavni banner s nazvem ordinace je vypaleny jako staticky obrazek misto textu, coz skodi SEO i responzivite.",,,,,,,,,,,,,,,,,,,
Poliklinika Louny,http://www.poliklinikalouny.cz/,"4	WordPress 4.9.26 (zastaralé), WPBakery Page Builder","#123A5A, #6EBE44, #FFFFFF","Web bezi na kriticky zastarale verzi WordPress 4.9 z roku 2017, coz predstavuje vazne bezpecnostni riziko.",,,,,,,,,,,,,,,,,,,
"MUDr. Zdena Sýkorová, soukromá zubní praxe",http://www.tylovka.cz/,"4	Custom HTML/CSS (vlastní master.min.css, bez CMS/frameworku)	#7CB342, #33691E, #E53935	Zastaralý grafický design s přechodovými barvami připomínající web z roku 2010, bez důrazu na moderní responzivní rozvržení.",,,,,,,,,,,,,,,,,,,,,
Dentální hygiena,http://www.hygiena-dentalni.cz/kontakty-dentalni-hygiena-louny/,"2	WordPress 4.0.38 (extremne zastarale, rok 2014)","#29ABE2, #333333, #FFFFFF","Web bezi na desetilete stare verzi WordPressu z roku 2014, mapa se nenacita a stranky pusobi poloprazdne.",,,,,,,,,,,,,,,,,,,
MUDr. Lukáš Milič,http://www.milic.cz/,"1	WordPress (aktuálně nefunkční - kritická chyba)	#F1F1F1, #FFFFFF, #0073AA	Web je zcela nefunkční, zobrazuje pouze kritickou chybu WordPressu místo obsahu.",,,,,,,,,,,,,,,,,,,,,
zubni-ordinace,http://www.zubni-ordinace.eu/index-5.html,1	Nedostupné - server neodpovídá	N/A,"Web je zcela nedostupny, adresa vraci chybovou stranku bez obsahu.",,,,,,,,,,,,,,,,,,,,
Zubní hygiena Děčín,http://www.zubnihygienadecin.cz/kontakt,"1	Nedostupné - doména neodpovídá / server nefunkční	N/A	Web je zcela nedostupný (doména neodpovídá), pacienti se k ordinaci online vůbec nedostanou.",,,,,,,,,,,,,,,,,,,,,
Dentální hygiena Poděbrady,http://www.hygienistkapdy.cz/kontakt.html,1	Nedostupne - domena neodpovida,N/A,"Web je zcela nedostupny, adresa nenacita zadny obsah.",,,,,,,,,,,,,,,,,,,
MUDr. René Štajner,http://stomatologiestajner.webmium.com/,10,Doména nefunguje - Webmium builder vrací chybu 404,"#EDEDED, #FFFFFF, #333333",Web vrací chybu 404 - stránka fakticky neexistuje a nenabízí žádné informace.,,,,,,,,,,,,,,,,,,
Bistrodent spol. s r.o.,http://www.bistrodent.cz/,10,Holé HTML bez CSS stylů,"#FFFFFF, #000000, #F2A65A",Stránka nemá žádný vizuální design a obsahuje zastaralé upozornění z dubna 2025.,ordinace@bistrodent.cz,,,,,,,,,,,,,,,,,
MUDr. Ladislava Vranová,https://www.znamylekar.cz/ladislava-vranova/zubar/olomouc,10,"HTML5, CSS (Docplanner UI Kit, Bootstrap-like framework), JavaScript (Vue.js, jQuery, custom ZLApp), Google Tag Manager, Google Analytics, VWO (A/B testing), OneTrust (cookie consent), AWS S3, Schema.org (JSON-LD), Twitter Cards, HubSpot, reCAPTCHA, Friendly Captcha, Sentry JS, Datadog RUM JS.","#00B289, #004D73, #627282","The profile lacks an active online booking calendar and detailed service/price information, forcing patients to seek contact information directly rather than booking online.",,,,,,,,,,,,,,,,,,
"Dr.Dent MUDr. Petr Drbal, MUDr. Jana Drbalová, MDDr. Jana Koziolová, Martin Vladař",http://drdentzlin.cz/?utm_source=firmy.cz&utm_medium=ppd&utm_campaign=firmy.cz-13282780,10,WordPress - výchozí neupravená instalace,"#C0247E, #3D3D3D, #FFFFFF",Web je stále jen výchozí nenastavená instalace WordPressu s ukázkovým příspěvkem 'Hello world!'.,,,,,,,,,,,,,,,,,,
MDDr. Dominika Benešová,http://dominident.cz/,10,Holé HTML bez designu (jen textové oznámení),"#FFFFFF, #1E88E5, #808080","Ordinace k 31.8.2026 definitivně končí provoz, což z ní dělá nerelevantní lead pro redesign webu.",,,,,,,,,,,,,,,,,,
Klimešová Iva MUDr.,http://www.olomouc-zubni.cz/,9,"Katalog-stomatologu.cz (generický adresářový profil, žádný vlastní web)","#1B7A76, #FFFFFF, #C9B100",Odkazovaná doména nefunguje jako vlastní web – návštěvník skončí jen na obecném katalogovém profilu bez identity praxe.,,,,,,,,,,,,,,,,,,
MUDr. Michael Chmiel,http://mudr-michael-chmiel.katalog-stomatologu.cz/,9,"Katalog-stomatologu.cz (generický adresářový profil, žádný vlastní web)","#1B7A76, #FFFFFF, #C9B100","Stejně jako konkurence firma nemá vlastní web, jen obecný katalogový profil; navíc aktuálně nepřijímá nové pacienty.",,,,,,,,,,,,,,,,,,
MUDr. Karla Odstrčilová - Zubní ambulance,http://mudr-karla-odstrcilova.katalog-stomatologu.cz/,9,"Katalog-stomatologu.cz (generický adresářový profil, žádný vlastní web)","#1B7A76, #FFFFFF, #C9B100",Web je opět jen generický katalogový profil bez vlastní identity praxe.,,,,,,,,,,,,,,,,,,
"MUDr. Světlana Ulman, MUDr. Štěpánka Šíblová - Zubní ordinace",http://mudr-svetlana-ulman.katalog-stomatologu.cz/,9,"Katalog-stomatologu.cz (generický adresářový profil, žádný vlastní web)","#1B7A76, #FFFFFF, #C9B100","Opět jen generický katalogový profil; navíc text uvádí, že nové pacienty (ani na hygienu) nepřijímají.",,,,,,,,,,,,,,,,,,
"CIBU-MED s.r.o., - MUDr. František Cibulka - Praktický lékař pro dospělé s atestací vyššího stupně",http://praktik-cibulka.cz/,9,Zdravotniregistr.cz (genericky adresarovy profil),"#0F6B5C, #C0392B, #FFFFFF","Domena praktik-cibulka.cz nefunguje jako vlastni web, presmeruje jen na obecny katalogovy profil.",cibulka.frant@seznam.cz,,,,,,,,,,,,,,,,,
Zubní Lékař Reli Alexandra MUDr.,http://www.stomatolog.cz/reli/,9,Staticky XHTML web z roku 2021 (tabulkovy layout),"#A9D6E5, #FFFFFF, #E8A33D","Ordinace sama uvadi, ze z kapacitnich duvodu neprijima nove pacienty, web tak nevede k zadne konverzi.",magas@atlas.cz,,,,,,,,,,,,,,,,,
MUDr. Pavel Dedek - MDDr. Markéta Bartošová,http://mudr-pavel-dedek.katalog-stomatologu.cz/,9,Katalog-stomatologu.cz (genericky adresarovy profil),"#1B7A76, #FFFFFF, #C9B100",Vlastni domena nasmerovava jen na obecny katalogovy profil bez identity praxe.,,,,,,,,,,,,,,,,,,
MUDr. Simona Celuchová,http://mudr-simona-celuchova.katalog-stomatologu.cz/,9,Katalog-stomatologu.cz (genericky adresarovy profil),"#1B7A76, #FFFFFF, #C9B100","Chybi i ordinacni hodiny, katalogovy profil obsahuje jen minimum informaci.",,,,,,,,,,,,,,,,,,
MUDr. Eva Mrázková - Prodent Plus spol. s r.o.,http://mudr-eva-mrazkova.katalog-stomatologu.cz/,9,Katalog-stomatologu.cz (genericky adresarovy profil),"#1B7A76, #FFFFFF, #C9B100","Web sam uvadi, ze ordinace neprijima nove pacienty, navic jde jen o katalogovy profil bez vlastni domeny.",,,,,,,,,,,,,,,,,,
ProEste - Dentální centrum,https://www.proeste.cz/,9,"HTML, CSS, JavaScript","#3498db, #2ecc71, #333333","Informace o MDDr. Jakubu Osadníkovi, který je označen jako zubní lékař s promocí v roce 2026, může být pro pacienty zavádějící nebo nejasná ohledně jeho současné kvalifikace.",info@proeste.cz,,,,,,,,,,,,,,,,,
"MUDr. Jarmila Blažková, zubní ordinace",https://jtbdental.cz/,9,"HTML5, CSS3, JavaScript (implied interactivity for elements like FAQ accordion), Responsive Design principles","#1F618D, #333333, #2ECC71",Přítomnost dvou různých e-mailových adres v kontaktní sekci může vést ke zmatkům a nekonzistentním komunikačním kanálům pro pacienty.,info@jtbdental.cz,,,,,,,,,,,,,,,,,
Galaxy Dent,https://galaxydent.cz/,8,Bootstrap (pravděpodobně v5) s vlastním HTML/CSS/JS,"#1a237e, #80deea, #ffffff","Hlavní slabinou je absence veřejně dostupného ceníku služeb, což může odradit potenciální nové pacienty hledající transparentnost v nákladech.",galaxydent.sro@gmail.com,,,,,,,,,,,,,,,,,
Stomatologická ordinace Holice,http://www.stomaholice.cz/,8,"WordPress 7.0.2, Divi theme 4.27.5","#1B6FC9, #1A2B3C, #FFFFFF","Meta viewport blokuje přiblížení (user-scalable=0), což snižuje přístupnost - jinak moderní, aktuální a kvalitně zpracovaný web s malým prostorem pro redesign",recepce@stomaholice.cz,,,,,,,,,,,,,,,,,
Zubní ordinace Švec s.r.o.,https://www.zubnisvec.cz/,8,Wix,,Hlavní slabinou je nedostatečná prominentnost kritické informace o nepřijímání nových pacientů a absence jakéhokoliv vizuálního obsahu pro oživení webu.,ordinace@zubnisvec.cz,,,,,,,,,,,,,,,,,
JSmile stomatologie s.r.o.,http://jsmile.cz/,8,"Vlastní moderní JS aplikace (runtime.js/vendor.js bundly), bez tradičního CMS","#EFEAE2, #232323, #333333","Barevná paleta je velmi neutrální/bežová bez výrazného brandového akcentu, jinak jde o kvalitně zpracovaný moderní web",jsmilestomatologie@gmail.com,,,,,,,,,,,,,,,,,
Perioimplants,http://www.perioimplants.cz/,8,Vlastní kód s Bootstrap 4.0.0 (bez CMS),"#2A9D8F, #1F2937, #FFFFFF","Web načítá dvě různé verze jQuery současně (zbytečné zpomalení), jinak jde o kvalitně a moderně navržený web",recepce@collegiumdentalis.cz,,,,,,,,,,,,,,,,,
Janda Přemysl MUDr.,http://www.zubarjanda.cz/,8,"WordPress 7.0.2, Elementor 4.1.2","#A4C639, #1A2B3C, #FFFFFF","V hero sekci zůstává nevyužité prázdné místo (chybí obrázek), jinak jde o moderní a aktuální web",Premysl.Janda@seznam.cz,,,,,,,,,,,,,,,,,
MUDr. Marta Michalová - nepřijímáme nové pacienty,https://www.facebook.com/people/Praktick%C3%BD-zubn%C3%AD-l%C3%A9ka%C5%99-v-Olomouci-MUDr-Marta-Michalov%C3%A1/100066457722093/#utm_source=firmy.cz&utm_medium=ppd&utm_campaign=firmy.cz-379698,8,"HTML5, CSS3, JavaScript (vanilla)",,Absence Schema.org mikroznačkování omezuje detailní porozumění obsahu vyhledávači a zlepšení SEO.,,,,,,,,,,,,,,,,,,
Dentista Zlín - MDDr. Martin Mráz,https://dentistazlin.cz/,8,Neznámá z poskytnutého textu,"#007BFF, #28A745, #F8F9FA",Hlavní slabinou je opakování navigačních prvků a kontaktních informací na několika místech stránky a absence integrovaného online rezervačního systému.,dentistazlin@gmail.com,,,,,,,,,,,,,,,,,
ORTHOZLIN s.r.o.,http://www.ortodonciezlin.cz/,8,Vlastní kód s tabulkovým layoutem (bez CMS),"#2E8B8B, #F2C230, #FFFFFF","Web má pevnou fixní šířku a starý layout s tabulkami, který není responzivní pro mobilní zařízení.",,,,,,,,,,,,,,,,,,
"WistDental, s.r.o.",http://www.wistdental.cz/,8,"Vlastní kód, bez rozpoznatelného CMS (chybí meta charset)","#16A085, #FFFFFF, #2874A6",Web má chybně nastavené kódování znaků - veškerá diakritika se zobrazuje jako pokazené znaky.,,,,,,,,,,,,,,,,,,
Zubní péče MDDr. Jan Lapiš s.r.o.,https://janlapis.cz/,8,WordPress (s blokovým editorem Gutenberg),,"Struktura HTML je nadměrně rozsáhlá a opakuje navigační prvky (např. navigace), což zhoršuje čitelnost a efektivitu kódu bez kontextu CSS.",info@janlapis.cz,,,,,,,,,,,,,,,,,
MUDr. Aleš Polách,http://www.mudrpolach.cz/,8,Nicepage 7.12.8 (website builder),"#2BB8A6, #F5F0DC, #1A1A1A","Dekorativni zaoblene pismo je pouzito i pro bezny text, coz vyrazne snizuje citelnost obsahu.",stomatologieordinace@seznam.cz,,,,,,,,,,,,,,,,,
Zubní Lékař Buršová Milada MUDr.,http://www.dentalni-hygiena-havirov.webnode.cz/,8,Webnode (bezplatna verze s viditelnou reklamou),"#7EC8E3, #6FBE44, #FFFFFF",Nadpis je castecne zakryty fotografii a web bezi na neplacene verzi Webnode s viditelnou reklamou dole.,dhhavirov@seznam.cz,,,,,,,,,,,,,,,,,
Zubní Vodní s.r.o.,https://www.zubnivodni.cz/,8,WordPress,"#3498db, #2ecc71, #333333","Extrémně redundantní a zbytečně složitá HTML struktura s mnoha prázdnými a duplikovanými elementy, což ztěžuje údržbu a pravděpodobně negativně ovlivňuje výkon webu.",ordinace@zubnivodni.cz,,,,,,,,,,,,,,,,,
"Zubní praxe Pivovarská s.r.o. - stomatologie, zubní hygiena, stomatochirurgie České Budějovice",https://www.facebook.com/pg/Zubn%C3%AD-praxe-pivovarsk%C3%A1-280051045981325/about/,8,"HTML5, CSS3, Google Fonts, Font Awesome","#00838F, #34495E, #F8F9FA","The testimonial slider is purely structural HTML, lacking any visible JavaScript integration for dynamic functionality.",,,,,,,,,,,,,,,,,,
DentiSmile,https://www.dentismile.cz/,8,"Nespecifikováno, dodavatelem je Beneficio.",,"Absence transparentního ceníku, přestože je v navigaci zmíněn, může znesnadnit uživatelům porovnání služeb.",info@dentismile.cz,,,,,,,,,,,,,,,,,
Zubní implantáty a stomatologie | MUDr. Pavel Vachulka,https://zubnipececb.cz/,8,WordPress (Gutenberg blocks) a Swiper.js pro karusely,"#2A64B2, #00C1B0, #4A4A4A","Klíčové slabiny zahrnují chybějící atributy 'alt' u několika obrázků, což snižuje přístupnost a SEO, a blogové příspěvky datované do budoucnosti, což snižuje důvěryhodnost obsahu.",dr.vachulka@seznam.cz,,,,,,,,,,,,,,,,,
ROVNÁTKA - ORTODONCIE Smile Art s.r.o.,https://smile-art.cz/,8,"Standard HTML/CSS structure, specific CMS/backend technology unknown","#333333, #007BFF, #FFD700","The page contains a substantial amount of text without sufficient visual elements or breaks, potentially overwhelming users and impacting readability.",ortodoncie@smile-art.cz,,,,,,,,,,,,,,,,,
"Jihočeský vědeckotechnický park, a.s.",https://euc.cz/nase-zarizeni/kliniky/euc-klinika-ceske-budejovice?utm_source=google&utm_medium=moje_firma,8,Custom CMS s komponentovým front-endem (pravděpodobně na bázi Bootstrapu nebo podobného grid systému).,"#0077C8, #FFFFFF, #333333","HTML struktura je příliš komplexní s hlubokým zanořením `div` elementů a nadměrně detailními názvy tříd, což může snižovat čitelnost, udržovatelnost a výkon.",recepce.ceskebudejovice@euc.cz,,,,,,,,,,,,,,,,,
Lacina Radoslav MUDr. - dentální centrum,https://www.google.com/aclk?sa=L&ai=DChsSEwiTqqPn1NaVAxWZc0cBHa8vDd4YACICCAEQBhoCcXU&co=1&ase=2&gclid=Cj0KCQjwguLSBhDLARIsAH-yPrGVO93GcxPF_oPkaPAjDzyGiN1lmUYaIyLT8yvPOdfm7UPb2LyiWkYaAp-TEALw_wcB&cid=CAASuwHkaCBDkIvpKipAWHQqL5ZFljUKCe3X1F2DpjxncWhxSh0YPXyeisgLFUTWFyb-VgU4xh2W2GD6M7HsDgEHenXjebYTkfn5LjBH07HCT592ycPpIu1df4S8OfuWqvZ2RJrE9RY7AJ0crzz6dXARj5S6VX9MK-OMaaZx11dqvyy9KGq2R9Clxo9ZcA_1EVBlKFqwqHsuKNYJzkH10zGaSfzm6Kyio-ch_uYbUBGWqiE8CAW1EcW-jjGKL-Dn&cce=2&category=acrcp_v1_32&sig=AOD64_2Da6tMZOO4ZMo5CVyB4n5IjwhcAw&adurl&q&ctype=99&nis=6,8,"HTML5, CSS3, Bootstrap","#007BFF, #28A745, #343A40","The content includes repetitive text in the 'Jak to probíhá?' section, which diminishes clarity and professionalism.",,,,,,,,,,,,,,,,,,
Stomatologie Praha - DoctorDent.cz,https://doctordent.cz/,8,"WordPress, WPBakery Page Builder","#0A4F8B, #333333, #F8F8F8","The extensive use of WPBakery Page Builder likely results in a bloated HTML structure, potentially affecting page load times and maintainability.",info@doctordent.cz,,,,,,,,,,,,,,,,,
Stomatologická klinika Laila,https://lailaclinic.cz/,8,"HTML5, Bootstrap (framework), jQuery, Swiper.js, AOS, Magnific Popup, Font Awesome","#2196F3, #F8F9FA, #343A40","Největší slabinou je přítomnost zbytkového komentáře z jiné šablony ('Artefact Tattoo Studio') v kódu, což naznačuje nedostatečné vyčištění a pozornost k detailům.",info@lailaclinic.cz,,,,,,,,,,,,,,,,,
ZUBNÍ ORDINACE BHL dent s.r.o.,http://www.bhl-dent.cz/,7,Webnode (website builder),"#0F6E77, #1B7F89, #FFFFFF","Textový obsah působí genericky a AI-vygenerovaně (nadžuívání emoji), což snižuje důvěryhodnost i přes čistý vizuál",info@bhl-dent.cz,,1,DELETE,,676,,bhl-dent.cz,1,,0,,#N/A,#N/A,#N/A,#N/A,,"

"
"MDDr.Jiří Procházka , zubař Olomouc",,7,,,,mddr.prochazka@gmail.com,,56,DELETE,,,,,56,,,,,,,,,
Perdent - MDDr. Vít Pernička,https://www.perdent.cz/,7,WordPress (s největší pravděpodobností s Gutenberg editorem),"#FFFFFF, #333333, #4A90E2","HTML kód je nadměrně rozsáhlý a plný zbytečně vnořených prvků a prázdných divů, což negativně ovlivňuje čistotu kódu, výkon a dostupnost, zejména kvůli chybějícím 'alt' atributům u většiny obrázků.",pernicka@perdent.cz,,3,DELETE,,,,perdent.cz,3,,,,,,,,,
MUDr. Beata Prucková,,7,,,,pruckova@email.cz,,58,DELETE,,,,,58,,,,,,,,,
Gold Dent S.r.o.,,7,,,,,,59,DELETE,,,,,59,,,,,,,,,
MUDr. Lucie Míčková,http://detskazubniordinace.cz/,7,"WordPress 7.0.2, Elementor 3.27.6","#2E7A8C, #1C2B39, #FFFFFF",Obsah i design jsou zřejmě převzaté z jiného webu stejné skupiny (PD Dent) - působí jako duplicitní šablona bez vlastní identity,,,6,DELETE,,,,detskazubniordinace.cz,6,,,,,,,,,
Zubní Lékař Nováková Monika MUDr.,,7,,,,,,61,DELETE,,,,,61,,,,,,,,,
MUDr. Jaroslava Hajdová,,7,,,,,,62,DELETE,,,,,62,,,,,,,,,
Centrum Úsměvu,,7,,,,,,63,DELETE,,,,,63,,,,,,,,,
Prokeš Tomáš MUDr.,http://www.zubni-olomouc.cz/,7,"Statické HTML bez CMS, jQuery; patička uvádí rok 2014","#1B4B72, #8DC63F, #1E7FA3","Design i obsah působí zastarale (patička uvádí rok 2014), chybí ordinační hodiny a modernější vizuální prvky.",,,10,DELETE,,,,zubni-olomouc.cz,10,,,,,,,,,
FN Olomouc - Klinika zubního lékařství,https://zubni.fnol.cz/,7,esmedia composer app,"#004085, #495057, #F8F9FA","The extensive and nested use of generic `div` elements for layout, combined with a high volume of information, suggests a risk of visual clutter and a complex user interface that could detract from user experience.",info@fnol.cz,,11,DELETE,,,,zubni.fnol.cz,11,,,,,,,,,
MUDr. Ondřej Procházka,https://www.firmy.cz/detail/382421-mudr-ondrej-prochazka-olomouc-nova-ulice.html?l=1,7,Platforma Firmy.cz (Seznam.cz),"#0066CC, #FFFFFF, #F0F0F0",Absence vlastního moderního webu a závislost na zastaralé a neaktualizované vizitce v katalogu Firmy.cz.,dr.prochazka.ondrej@seznam.cz,,12,DELETE,,,,firmy.cz/detail/382421-mudr-ondrej-prochazka-olomouc-nova-ulice.html?l=1,12,,,,,,,,,
Kaczmarczyk S.r.o.,,7,,,,,,67,DELETE,,,,,67,,,,,,,,,
Smělá Jana MUDr.,,7,,,,,,68,DELETE,,,,,68,,,,,,,,,
Zubní ordinace Olomouc,,7,,,,,,69,DELETE,,,,,69,,,,,,,,,
MUDr. Petr Němec,,7,,,,,,70,DELETE,,,,,70,,,,,,,,,
MUDr. Břetislav Šmíd,http://www.cerebrum.cz/,7,"Vlastní kód, žádný rozpoznatelný CMS (statické stránky)","#1F5C4A, #111111, #FFFFFF","Web oznamuje úmrtí lékaře a nejasnou budoucnost péče o pacienty, což silně snižuje důvěryhodnost a aktuálnost obsahu.",dagmar.smidova@cerebrum.cz,,17,DELETE,,,,cerebrum.cz,17,,,,,,,,,
Stomatologie Hanos S.r.o.,,7,,,,,,72,DELETE,,,,,72,,,,,,,,,
Mudr. Lenka Vyroubalová,,7,,,,,,73,DELETE,,,,,73,,,,,,,,,
dentální hygiena olomouc,,7,,,,,,74,DELETE,,,,,74,,,,,,,,,
Zubař Olomouc,,7,,,,,,75,DELETE,,,,,75,,,,,,,,,
Moravová Jitka MUDr.,,7,,,,,,76,DELETE,,,,,76,,,,,,,,,
Zubní Lékař Sheety Joseph MUDr.,,7,,,,,,77,DELETE,,,,,77,,,,,,,,,
Zubní Lékař Pospíšil Pavel MUDr.,,7,,,,,,78,DELETE,,,,,78,,,,,,,,,
MUDr. Hana Svačinová,,7,,,,,,79,DELETE,,,,,79,,,,,,,,,
Zubní Lékař Loydová Marie MUDr.,,7,,,,,,80,DELETE,,,,,80,,,,,,,,,
MUDr. Miroslav Kuča,,7,,,,,,81,DELETE,,,,,81,,,,,,,,,
SOFRONIESKI MS s.r.o,,7,,,,,,82,DELETE,,,,,82,,,,,,,,,
MUDr. Miluše Veselovská,,7,,,,,,83,DELETE,,,,,83,,,,,,,,,
Medivize S.r.o.,,7,,,,,,84,DELETE,,,,,84,,,,,,,,,
MDDr. Pavel Hubáček praktické zubní lékařství Dental Cura s.r.o.,,7,,,,,,85,DELETE,,,,,85,,,,,,,,,
MUDr. Jiří Grmela,,7,,,,,,86,DELETE,,,,,86,,,,,,,,,
MUDr. Pavla Bradáčová,,7,,,,,,87,DELETE,,,,,87,,,,,,,,,
Tmějová Lamis MUDr.,,7,,,,,,88,DELETE,,,,,88,,,,,,,,,
Zedník Petr MUDr.,,7,,,,,,89,DELETE,,,,,89,,,,,,,,,
MUDr. Zdeněk Fritsch,,7,,,,,,90,DELETE,,,,,90,,,,,,,,,
MUDr. Miroslava Poncová,,7,,,,,,91,DELETE,,,,,91,,,,,,,,,
MUDr. Pavel Bílý,,7,,,,,,92,DELETE,,,,,92,,,,,,,,,
Curativa.stom s.r.o.,,7,,,,,,93,DELETE,,,,,93,,,,,,,,,
MDDr. Jana Spáčilová,,7,,,,,,94,DELETE,,,,,94,,,,,,,,,
MUDr. Tomáš Kameníček - stoma s.r.o.,,7,,,,,,95,DELETE,,,,,95,,,,,,,,,
Dostál Bohumil MUDr.,,7,,,,,,96,DELETE,,,,,96,,,,,,,,,
Zubař v Olomouci,,7,,,,,,97,DELETE,,,,,97,,,,,,,,,
Procházka Vladimír MUDr.,,7,,,,,,98,DELETE,,,,,98,,,,,,,,,
Zubní technik,,7,,,,,,99,DELETE,,,,,99,,,,,,,,,
Dentmed S.r.o.,,7,,,,,,100,DELETE,,,,,100,,,,,,,,,
Centrum Úsměvu S.r.o.,,7,,,,,,101,DELETE,,,,,101,,,,,,,,,
Hornová Alena MUDr.,,7,,,,,,102,DELETE,,,,,102,,,,,,,,,
MDDr. Marcel Mitruk,https://www.idczlin.cz/,7,"WordPress, Elementor, Splide.js (pro carousel), cookie consent řešení (pravděpodobně plugin)",,"HTML kód je nadměrně rozsáhlý a hluboce zanořený kvůli generování Elementorem, což může snižovat výkon a čitelnost.",,,49,DELETE,,,,idczlin.cz,49,,,,,,,,,
"DI DENT s.r.o., zubní ordinace MDDr. Dalibor Maňas",,7,,,,,,104,DELETE,,,,,104,,,,,,,,,
Mident s.r.o. MUDr. Hečko Michal - zubní lékař,,7,,,,,,105,DELETE,,,,,105,,,,,,,,,
MUDr. Petr Čapka,,7,,,,,,106,DELETE,,,,,106,,,,,,,,,
MUDr. Eva Adamíková,,7,,,,,,107,DELETE,,,,,107,,,,,,,,,
MUDr. Magda Hřebačková - zubní ordinace,,7,,,,,,108,DELETE,,,,,108,,,,,,,,,
Dentavia s.r.o.,,7,,,,,,109,DELETE,,,,,109,,,,,,,,,
MUDr. Blanka Šmejdovcová s.r.o.,,7,,,,,,110,DELETE,,,,,110,,,,,,,,,
Mudr. Taťána Sochová,,7,,,,,,111,DELETE,,,,,111,,,,,,,,,
Smolka Pavel MUDr.,,7,,,,,,112,DELETE,,,,,112,,,,,,,,,
Preclík Michal MUDr.,,7,,,,,,113,DELETE,,,,,113,,,,,,,,,
Novotná Magda MUDr.,,7,,,,,,114,DELETE,,,,,114,,,,,,,,,
Soukromá stomatologická ordinace,,7,,,,,,115,DELETE,,,,,115,,,,,,,,,
MUDr. Hana Kousalová,,7,,,,,,116,DELETE,,,,,116,,,,,,,,,
Miklášová Dana MUDr.,,7,,,,,,117,DELETE,,,,,117,,,,,,,,,
Estetická Stomatologie,,7,,,,,,118,DELETE,,,,,118,,,,,,,,,
MUDr. Helena Škubalová,,7,,,,,,119,DELETE,,,,,119,,,,,,,,,
Lebeda Jiří MUDr.,,7,,,,,,120,DELETE,,,,,120,,,,,,,,,
Biancodent,https://www.biancodent.cz/,7,"WordPress (s využitím WPBakery Page Builder, dle třídy wpb_wrapper)","#FFFFFF, #2196F3, #4CAF50","HTML kód je velmi verbose, obsahuje mnoho generických a prázdných divů, což svědčí o neefektivním použití page builderu a snižuje sémantiku stránky.",info@biancodent.cz,,67,DELETE,,,,biancodent.cz,67,,,,,,,,,
MUDr. Markéta Urbanová,,7,,,,,,122,DELETE,,,,,122,,,,,,,,,
Stomatologie Zlín S.r.o.,,7,,,,,,123,DELETE,,,,,123,,,,,,,,,
MDDr. Ladislav Hlavica - Dentap s.r.o.,,7,,,,,,124,DELETE,,,,,124,,,,,,,,,
Stomatologická ordinace,,7,,,,,,125,DELETE,,,,,125,,,,,,,,,
"Stomatologie a parodontologie, s.r.o.",,7,,,,,,126,DELETE,,,,,126,,,,,,,,,
Nováková Miloslava MUDr. - Zubní Lékař,,7,,,,,,127,DELETE,,,,,127,,,,,,,,,
Sanedent Zlín S.r.o.,,7,,,,,,128,DELETE,,,,,128,,,,,,,,,
Ortoline Luhačovice s.r.o.,http://www.ortoline.cz/,7,"Vlastní kód, bez rozpoznatelného CMS","#1B8FC4, #0F2D42, #FFFFFF","Sekce 'Aktuality' zobrazuje oznámení z roku 2020, což působí dojmem dlouhodobě neaktualizovaného webu.",info@ortoline.cz,,75,DELETE,,,,ortoline.cz,75,,,,,,,,,
Oblastní Stomatologická Komora Zlín,,7,,,,,,130,DELETE,,,,,130,,,,,,,,,
Mudr Štěpán Pohanka,,7,,,,,,131,DELETE,,,,,131,,,,,,,,,
MUDr. Petr Sanetrník,,7,,,,,,132,DELETE,,,,,132,,,,,,,,,
Zubní Lékař Zatloukalová Dana MUDr.,,7,,,,,,133,DELETE,,,,,133,,,,,,,,,
Zubní lékařka,,7,,,,,,134,DELETE,,,,,134,,,,,,,,,
Soukromá stomatologická praxe,,7,,,,,,135,DELETE,,,,,135,,,,,,,,,
Privátní stomatologická ordinace,,7,,,,,,136,DELETE,,,,,136,,,,,,,,,
Soukromý zubní lékař,,7,,,,,,137,DELETE,,,,,137,,,,,,,,,
Zubní Lékař Havlíková Oldřiška MUDr.,,7,,,,,,138,DELETE,,,,,138,,,,,,,,,
Zubní Lékař Novotná Iva MUDr.,,7,,,,,,139,DELETE,,,,,139,,,,,,,,,
Privátní zubní technik,,7,,,,,,140,DELETE,,,,,140,,,,,,,,,
MUDr. Renata Vocelová,https://www.znamylekar.cz/renata-vocelova/zubar/zlin,7,"Frontendový framework (HTML, CSS, JavaScript)","#007BFF, #343A40, #FFFFFF","HTML kód je nadměrně složitý a hluboce vnořený, což snižuje čitelnost a potenciálně ovlivňuje výkon stránky.",,,87,DELETE,,,,znamylekar.cz/renata-vocelova/zubar/zlin,87,,,,,,,,,
Zubní pohotovostní služba (21),,7,,,,,,142,DELETE,,,,,142,,,,,,,,,
Privátní zubní lékařka,,7,,,,,,143,DELETE,,,,,143,,,,,,,,,
MUDr. Iva Maňasová - zubní ordinace,,7,,,,,,144,DELETE,,,,,144,,,,,,,,,
Privátní zubní lékař,,7,,,,,,145,DELETE,,,,,145,,,,,,,,,
Sanža Marie MUDr.,,7,,,,,,146,DELETE,,,,,146,,,,,,,,,
Mident s.r.o.,,7,,,,,,147,DELETE,,,,,147,,,,,,,,,
Compedent s.r.o.,,7,,,,,,148,DELETE,,,,,148,,,,,,,,,
Privátní stomatolog,,7,,,,,,149,DELETE,,,,,149,,,,,,,,,
Soukromá zubní lékařka,,7,,,,,,150,DELETE,,,,,150,,,,,,,,,
Praktická zubní lékařka,,7,,,,,,151,DELETE,,,,,151,,,,,,,,,
LDK-lékařský dům kotěrova,,7,,,,,,152,DELETE,,,,,152,,,,,,,,,
Ortodoncie Zlín - MUDr. Pavlína Adamková,,7,,,,,,153,DELETE,,,,,153,,,,,,,,,
Malárová Jitka MUDr.,https://www.znamylekar.cz/jitka-malarova/zubar/zlin,7,Moderní webová aplikace,"#212529, #007bff, #ffffff","Hlavní slabinou profilové stránky je absence klíčových informací pro pacienty, jako je podrobný ceník služeb a aktivní online rezervační kalendář.",,,100,DELETE,,,,znamylekar.cz/jitka-malarova/zubar/zlin,100,,,,,,,,,
Z deníčku dentální hygienistky,,7,,,,,,155,DELETE,,,,,155,,,,,,,,,
MDDr. David Pretsch,,7,,,,,,156,DELETE,,,,,156,,,,,,,,,
Privátní zubní laboratoř,,7,,,,,,157,DELETE,,,,,157,,,,,,,,,
Privátní stomatologická praxe,,7,,,,,,158,DELETE,,,,,158,,,,,,,,,
Praktický stomatolog,,7,,,,,,159,DELETE,,,,,159,,,,,,,,,
Zubní Technik Stašková Marta,,7,,,,,,160,DELETE,,,,,160,,,,,,,,,
Drbalová Jana MUDr.,,7,,,,,,161,DELETE,,,,,161,,,,,,,,,
Jániš Jan MUDr.,,7,,,,,,162,DELETE,,,,,162,,,,,,,,,
Sandent S.r.o.,,7,,,,,,163,DELETE,,,,,163,,,,,,,,,
Chudárková Hana MUDr.,,7,,,,,,164,DELETE,,,,,164,,,,,,,,,
"MUDr. Helena Rabská, zubní lékař",,7,,,,,,165,DELETE,,,,,165,,,,,,,,,
Zubní Lékař MDDr. Petr Okenica,,7,,,,,,166,DELETE,,,,,166,,,,,,,,,
MUDr. Stanislav Piskorz,,7,,,,,,167,DELETE,,,,,167,,,,,,,,,
Zubní Lékař Pindur Roman MUDr.,,7,,,,,,168,DELETE,,,,,168,,,,,,,,,
Maďová Karin MUDr.,,7,,,,,,169,DELETE,,,,,169,,,,,,,,,
Zubní Lékař Kokášová Julie MUDr.,,7,,,,,,170,DELETE,,,,,170,,,,,,,,,
Zubní ordinace GaG Golik,,7,,,,,,171,DELETE,,,,,171,,,,,,,,,
Bajerová Helena MUDr.,,7,,,,,,172,DELETE,,,,,172,,,,,,,,,
Dental G&G S.r.o.,,7,,,,,,173,DELETE,,,,,173,,,,,,,,,
DentalComplex,,7,,,,,,174,DELETE,,,,,174,,,,,,,,,
MUDr. Milan Kiša,,7,,,,,,175,DELETE,,,,,175,,,,,,,,,
MUDr. Libuše Sirotová,,7,,,,,,176,DELETE,,,,,176,,,,,,,,,
Šiřinová Helena MUDr.,,7,,,,,,177,DELETE,,,,,177,,,,,,,,,
MUDr. Eva Ožanová,,7,,,,,,178,DELETE,,,,,178,,,,,,,,,
Odbor. lékař ortodoncie a stomatologie,,7,,,,,,179,DELETE,,,,,179,,,,,,,,,
Prozuby,,7,,,,,,180,DELETE,,,,,180,,,,,,,,,
MUDr.Petr Skřížala,,7,,,,,,181,DELETE,,,,,181,,,,,,,,,
MUDr. Bendito Garcia N'Dua,,7,,,,,,182,DELETE,,,,,182,,,,,,,,,
ORDINACE PRAKTICKÉHO LÉKAŘE,,7,,,,,,183,DELETE,,,,,183,,,,,,,,,
ORL ambulance Karviná,,7,,,,,,184,DELETE,,,,,184,,,,,,,,,
DDM,,7,,,,,,185,DELETE,,,,,185,,,,,,,,,
Zubní Lékař Golasowski Lukáš MUDr.,,7,,,,,,186,DELETE,,,,,186,,,,,,,,,
Zubní Lékař Penčáková Anna MUDr.,,7,,,,,,187,DELETE,,,,,187,,,,,,,,,
MUDr. Ewa Vystavělová,,7,,,,,,188,DELETE,,,,,188,,,,,,,,,
MUDr. Renáta Prymusová,https://www.detail.cz/osoba/renata-prymusova-hornosusska-1050-8-havirov/x7CWs5BsIic/,7,Bootstrap,"#0d6efd, #f8f9fa, #212529","Hlavní slabinou webu je nedostatek unikátního vizuálního designu a značkové identity, jelikož se spoléhá především na generické komponenty Bootstrapu.",,,135,DELETE,,,,detail.cz/osoba/renata-prymusova-hornosusska-1050-8-havirov/x7cws5bsiic,135,,,,,,,,,
Zubní Lékař Langrová Marie MUDr.,,7,,,,,,190,DELETE,,,,,190,,,,,,,,,
Zubní lékař MUDr. Eva Kučerová,,7,,,,,,191,DELETE,,,,,191,,,,,,,,,
Zubní ordinace,,7,,,,,,192,DELETE,,,,,192,,,,,,,,,
AUCentrum - ordinace k pronájmu,http://www.aucentrum.cz/,7,Jednoduchy staticky web bez CSS stylovani,"#C0392B, #8CB92F, #E8E4DC","Stranka vypada jako nedokoncena, chybi graficky layout, text je jen naskladany pod sebou bez stylu.",aucentrum@centrum.cz,,139,DELETE,,,,aucentrum.cz,139,,,,,,,,,
"Přesné maily a návrhy webu, přesně co napsat od řádku 190. ",,7,,,,,,194,DELETE,,,,,194,,,,,,,,,
MUDr. Andělin Mrozovský - soukromá ambulance,,7,,,,,,195,DELETE,,,,,195,,,,,,,,,
Zubní Ordinace Mudr Dagmar Cichá-Norková,,7,,,,,,196,DELETE,,,,,196,,,,,,,,,
Michnová Ladislava MUDr.,,7,,,,,,197,DELETE,,,,,197,,,,,,,,,
"MUDr. Josef Kloda, zubní lékař",,7,,,,,,198,DELETE,,,,,198,,,,,,,,,
MUDr. Barbora Cudlínová,,7,,,,,,199,DELETE,,,,,199,,,,,,,,,
Mrázková Eva MUDr.,,7,,,,,,200,DELETE,,,,,200,,,,,,,,,
MUDr. Anna Matusiková,,7,,,,,,201,DELETE,,,,,201,,,,,,,,,
MUDr. Marcela Pokorná,,7,,,,,,202,DELETE,,,,,202,,,,,,,,,
Komár Vladimír,,7,,,,,,203,DELETE,,,,,203,,,,,,,,,
Dentální hygiena Havířov,,7,,,,,,204,DELETE,,,,,204,,,,,,,,,
Zubní Lékař Baron Břetislav MUDr.,,7,,,,,,205,DELETE,,,,,205,,,,,,,,,
Ta Denta S.r.o.,,7,,,,,,206,DELETE,,,,,206,,,,,,,,,
Odborný lékař stomatolog,,7,,,,,,207,DELETE,,,,,207,,,,,,,,,
MUDr. Josef Vimmer,,7,,,,,,208,DELETE,,,,,208,,,,,,,,,
Zubní Lékař Semerád Milan MUDr.,,7,,,,,,209,DELETE,,,,,209,,,,,,,,,
MUDr. Ivana Bedečová,,7,,,,,,210,DELETE,,,,,210,,,,,,,,,
Zubní Lékař Nováková Hana MUDr.,,7,,,,,,211,DELETE,,,,,211,,,,,,,,,
Slavík Martin MUDr.,,7,,,,,,212,DELETE,,,,,212,,,,,,,,,
Zubní Lékař Kováčová Dagmar MUDr.,,7,,,,,,213,DELETE,,,,,213,,,,,,,,,
Zubní praxe MŽ,,7,,,,,,214,DELETE,,,,,214,,,,,,,,,
Kolčavová Marie MUDr.,,7,,,,,,215,DELETE,,,,,215,,,,,,,,,
Zubní Lékař Fačevic Richard MUDr.,,7,,,,,,216,DELETE,,,,,216,,,,,,,,,
Strakošová Marta MUDr.,,7,,,,,,217,DELETE,,,,,217,,,,,,,,,
Slavík Dental S.r.o.,,7,,,,,,218,DELETE,,,,,218,,,,,,,,,
"Odborný lékař stomatologie, ortodoncie",,7,,,,,,219,DELETE,,,,,219,,,,,,,,,
Ortodoncie Novotná Vladimíra MUDr.,,7,,,,,,220,DELETE,,,,,220,,,,,,,,,
Běla Kutalová - Dental,,7,,,,,,221,DELETE,,,,,221,,,,,,,,,
MUDr. Zlatuše Kovářová,,7,,,,,,222,DELETE,,,,,222,,,,,,,,,
MUDr.Zdeněk Linhart,,7,,,,,,223,DELETE,,,,,223,,,,,,,,,
Koleček Luděk MUDr.,,7,,,,,,224,DELETE,,,,,224,,,,,,,,,
Navara Zbyněk MUDr.,,7,,,,,,225,DELETE,,,,,225,,,,,,,,,
MUDr. Alice Tesařová,,7,,,,,,226,DELETE,,,,,226,,,,,,,,,
Kotrys David MUDr.,,7,,,,,,227,DELETE,,,,,227,,,,,,,,,
Praxident DK sro.,,7,,,,,,228,DELETE,,,,,228,,,,,,,,,
Tatarková Kateřina MUDr.,,7,,,,,,229,DELETE,,,,,229,,,,,,,,,
"Tradent Stom, S.r.o.",,7,,,,,,230,DELETE,,,,,230,,,,,,,,,
MUDr. Oldřich Hepnar,,7,,,,,,231,DELETE,,,,,231,,,,,,,,,
"MUDr. Kozák, ordinace praktického zubního lékaře",,7,,,,,,232,DELETE,,,,,232,,,,,,,,,
MUDr. Milada Zlámalová,,7,,,,,,233,DELETE,,,,,233,,,,,,,,,
Spurná Naděžda MUDr.,,7,,,,,,234,DELETE,,,,,234,,,,,,,,,
Parosan Medical S.r.o.,,7,,,,,,235,DELETE,,,,,235,,,,,,,,,
Kreplová Renata MUDr.,,7,,,,,,236,DELETE,,,,,236,,,,,,,,,
JaRo Dent,,7,,,,,,237,DELETE,,,,,237,,,,,,,,,
"Gem Dent, S.r.o.",,7,,,,,,238,DELETE,,,,,238,,,,,,,,,
Matušinec František MUDr.,,7,,,,,,239,DELETE,,,,,239,,,,,,,,,
"Lošťáková Helena Mudr., PhDr.",,7,,,,,,240,DELETE,,,,,240,,,,,,,,,
Krátká Drahoslava MUDr.,,7,,,,,,241,DELETE,,,,,241,,,,,,,,,
Kolářová Hana MUDr.,,7,,,,,,242,DELETE,,,,,242,,,,,,,,,
MUDr. Hana Sedláčková,https://www.facebook.com/ocni.sedlackova.prostejov,7,"HTML5, CSS3, JavaScript (jQuery), Font Awesome","#007bff, #ffffff, #f8f9fa","Web je postaven na zakázku bez použití CMS, což může komplikovat správu obsahu a integraci moderních funkcí, jako je online rezervace.",,,189,DELETE,,,,facebook.com/ocni.sedlackova.prostejov,189,,,,,,,,,
Ludmila Holá,,7,,,,,,244,DELETE,,,,,244,,,,,,,,,
Stomatologická Laborator,,7,,,,,,245,DELETE,,,,,245,,,,,,,,,
Zubní ordinace MUDr. Michaela Skácelová,,7,,,,,,246,DELETE,,,,,246,,,,,,,,,
MUDr. Vladimír Drahoš,,7,,,,,,247,DELETE,,,,,247,,,,,,,,,
Medico Dent,,7,,,,,,248,DELETE,,,,,248,,,,,,,,,
MUDr. Miluše Dvořáčková - praktické zubní lékařství,,7,,,,,,249,DELETE,,,,,249,,,,,,,,,
Zuzana Hlaváčková,,7,,,,,,250,DELETE,,,,,250,,,,,,,,,
Luxury Dent s.r.o.,,7,,,,,,251,DELETE,,,,,251,,,,,,,,,
"Dentální hygiena Anirda, Šlapanice",,7,,,,,,252,DELETE,,,,,252,,,,,,,,,
Zubní Lékař Kuchaříková Marie MUDr.,,7,,,,,,253,DELETE,,,,,253,,,,,,,,,
Zubní ordinace MUDr. Kinclová,,7,,,,,,254,DELETE,,,,,254,,,,,,,,,
Dufková Ludmila MUDr.,,7,,,,,,255,DELETE,,,,,255,,,,,,,,,
MDDr. Sylvie Konečná,,7,,,,,,256,DELETE,,,,,256,,,,,,,,,
Praktický zubní lékař,,7,,,,,,257,DELETE,,,,,257,,,,,,,,,
Stomatologie - MDDr. Jana Bušová,,7,,,,,,258,DELETE,,,,,258,,,,,,,,,
Zubní Lékař Čarvaš Pavel MUDr.,,7,,,,,,259,DELETE,,,,,259,,,,,,,,,
zubní ordinace MDDr. Jiřího Potůčka,,7,,,,,,260,DELETE,,,,,260,,,,,,,,,
Zubní ordinace MUDr. Lucie Nečasová,,7,,,,,,261,DELETE,,,,,261,,,,,,,,,
MDDr. Dagmar Potůčková,,7,,,,,,262,DELETE,,,,,262,,,,,,,,,
MUDr. Petra Havlová,,7,,,,,,263,DELETE,,,,,263,,,,,,,,,
"HELIOS DENT s.r.o., MUDr. Alžběta Beranová",,7,,,,,,264,DELETE,,,,,264,,,,,,,,,
DENT company sro,https://www.dentcompany.cz/,7,"Standardní HTML/CSS struktura, konkrétní framework není z kódu patrný.",,"Hlavní navigační menu obsahuje odkazy na blogové články namísto standardních navigačních položek služeb a kontaktu, což je pro návštěvníka matoucí a chybí jasné zaměření na konverzi (např. objednání).",,,211,DELETE,,,,dentcompany.cz,211,,,,,,,,,
Ševčíková Bohdana MUDr.,,7,,,,,,266,DELETE,,,,,266,,,,,,,,,
MUDr. Martina Řehořková,,7,,,,,,267,DELETE,,,,,267,,,,,,,,,
MUDr. Jarmila Kupková,,7,,,,,,268,DELETE,,,,,268,,,,,,,,,
Soukromá zubní ordinace,,7,,,,,,269,DELETE,,,,,269,,,,,,,,,
GynPro Blansko s.r.o.,,7,,,,,,270,DELETE,,,,,270,,,,,,,,,
Zubní Lékař Slabá Vlasta MUDr.,,7,,,,,,271,DELETE,,,,,271,,,,,,,,,
MUDr. Jana Hlasivcová,,7,,,,,,272,DELETE,,,,,272,,,,,,,,,
Zubní Lékař Duraj Josef MUDr.,,7,,,,,,273,DELETE,,,,,273,,,,,,,,,
"Dentave, S.r.o.",,7,,,,,,274,DELETE,,,,,274,,,,,,,,,
Zubní Lékař Horáková Eva MUDr.,,7,,,,,,275,DELETE,,,,,275,,,,,,,,,
MUDr. Magda Slabá,,7,,,,,,276,DELETE,,,,,276,,,,,,,,,
MUDr. Eva Housková,,7,,,,,,277,DELETE,,,,,277,,,,,,,,,
Haraštová Anna MUDr.,,7,,,,,,278,DELETE,,,,,278,,,,,,,,,
Šimák Miroslav MUDr.,,7,,,,,,279,DELETE,,,,,279,,,,,,,,,
MUDr. Petr Kolář,,7,,,,,,280,DELETE,,,,,280,,,,,,,,,
Zubní Lékař Berková Jana MUDr.,,7,,,,,,281,DELETE,,,,,281,,,,,,,,,
Zubní Lékař Voborník Josef MUDr.,,7,,,,,,282,DELETE,,,,,282,,,,,,,,,
Švarcová Šárka MUDr.,,7,,,,,,283,DELETE,,,,,283,,,,,,,,,
Ordinace PL - stomatologa,,7,,,,,,284,DELETE,,,,,284,,,,,,,,,
Kottová Alena MUDr.,,7,,,,,,285,DELETE,,,,,285,,,,,,,,,
Praktický Lékař Pro Dospělé Nešpolová Eva MUDr.,,7,,,,,,286,DELETE,,,,,286,,,,,,,,,
Šimková Jitka MUDr.,,7,,,,,,287,DELETE,,,,,287,,,,,,,,,
Praktické zubní lékařství,,7,,,,,,288,DELETE,,,,,288,,,,,,,,,
Zubní laboratoř Marek Jakubov,,7,,,,,,289,DELETE,,,,,289,,,,,,,,,
Samostatná ordinace PL stomatologa,,7,,,,,,290,DELETE,,,,,290,,,,,,,,,
DentTabo s.r.o.,,7,,,,,,291,DELETE,,,,,291,,,,,,,,,
"Tábor,poliklinika",,7,,,,,,292,DELETE,,,,,292,,,,,,,,,
Vutjanoková Renata MUDr.,,7,,,,,,293,DELETE,,,,,293,,,,,,,,,
Ordinace praktického zubního lékaře,,7,,,,,,294,DELETE,,,,,294,,,,,,,,,
MarivaDent,,7,,,,,,295,DELETE,,,,,295,,,,,,,,,
Stomatologická ambulance,,7,,,,,,296,DELETE,,,,,296,,,,,,,,,
Kropíková Zuzana MUDr.,,7,,,,,,297,DELETE,,,,,297,,,,,,,,,
Dr. Landa,,7,,,,,,298,DELETE,,,,,298,,,,,,,,,
Šmíd Karel MUDr.,,7,,,,,,299,DELETE,,,,,299,,,,,,,,,
Stomamed S.r.o.,,7,,,,,,300,DELETE,,,,,300,,,,,,,,,
Valha Miroslav MUDr.,,7,,,,,,301,DELETE,,,,,301,,,,,,,,,
Endivia dent,,7,,,,,,302,DELETE,,,,,302,,,,,,,,,
MDDr. Andrea Tondrová,https://www.drtondrova.cz/,7,"WordPress, Elementor, Contact Form 7, Google Fonts","#2196F3, #333333, #F0F8FF","The heavy use of a page builder (Elementor) results in highly verbose and deeply nested HTML, which can negatively impact performance and direct code maintainability.",info@drtondrova.cz,,249,DELETE,,,,drtondrova.cz,249,,,,,,,,,
"PERTICA s.r.o., MDDr. Miroslav Bísek",,7,,,,,,304,DELETE,,,,,304,,,,,,,,,
"UB Dent,s.r.o.",,7,,,,,,305,DELETE,,,,,305,,,,,,,,,
MUDr. Mirek Musil,,7,,,,,,306,DELETE,,,,,306,,,,,,,,,
MUDr. Tesař Zdeněk,,7,,,,,,307,DELETE,,,,,307,,,,,,,,,
MUDr. Radmila Trávníčková,,7,,,,,,308,DELETE,,,,,308,,,,,,,,,
Zubní ordinace MUDr. MDDr. Petra Kováříková,,7,,,,,,309,DELETE,,,,,309,,,,,,,,,
Kotyzová Michaela MUDr.,,7,,,,,,310,DELETE,,,,,310,,,,,,,,,
ELZET DENTAL,,7,,,,,,311,DELETE,,,,,311,,,,,,,,,
Kuriálová Lenka MUDr.,,7,,,,,,312,DELETE,,,,,312,,,,,,,,,
Zubni Lekar Truszykova Miloslava,,7,,,,,,313,DELETE,,,,,313,,,,,,,,,
Zubní Lékař Krátká Ludmila MUDr.,,7,,,,,,314,DELETE,,,,,314,,,,,,,,,
MUDr. Radmila Jáchymová,,7,,,,,,315,DELETE,,,,,315,,,,,,,,,
MDDr. Radovana Plochová,,7,,,,,,316,DELETE,,,,,316,,,,,,,,,
Zubní Lékař Mácová Marie MUDr.,,7,,,,,,317,DELETE,,,,,317,,,,,,,,,
MUDr. Olga Krejcarová,,7,,,,,,318,DELETE,,,,,318,,,,,,,,,
Panochová Hana MUDr.,,7,,,,,,319,DELETE,,,,,319,,,,,,,,,
Vystrčilová Zuzana MUDr.,,7,,,,,,320,DELETE,,,,,320,,,,,,,,,
Červený Miroslav MUDr.,,7,,,,,,321,DELETE,,,,,321,,,,,,,,,
Zubní ordinace MUDr. Milada Kubušová,,7,,,,,,322,DELETE,,,,,322,,,,,,,,,
"MUDr. Michalová Iva, MUDr. Herrmannová Pavla, praktická zubní lékařka",,7,,,,,,323,DELETE,,,,,323,,,,,,,,,
Kulovaný Petr MUDr.,,7,,,,,,324,DELETE,,,,,324,,,,,,,,,
Zubní Lékař Bočkay Ján MUDr.,,7,,,,,,325,DELETE,,,,,325,,,,,,,,,
MUDr. Ivana Škodová,,7,,,,,,326,DELETE,,,,,326,,,,,,,,,
Kulvadent S.r.o.,,7,,,,,,327,DELETE,,,,,327,,,,,,,,,
MUDr. Václav Rezek,,7,,,,,,328,DELETE,,,,,328,,,,,,,,,
MUDr.Pragerova Petra,,7,,,,,,329,DELETE,,,,,329,,,,,,,,,
Bulan Tomáš MUDr.,,7,,,,,,330,DELETE,,,,,330,,,,,,,,,
Jakubcová-sýkorová Blanka MUDr.,,7,,,,,,331,DELETE,,,,,331,,,,,,,,,
Nádravská Štěpánka MUDr.,,7,,,,,,332,DELETE,,,,,332,,,,,,,,,
MUDr. Ladislav Dolanský,,7,,,,,,333,DELETE,,,,,333,,,,,,,,,
MUDr. Eva Vurmová,,7,,,,,,334,DELETE,,,,,334,,,,,,,,,
Stomatolog České Budějovice,,7,,,,,,335,DELETE,,,,,335,,,,,,,,,
Dětská zubní společnost s.r.o.,,7,,,,,,336,DELETE,,,,,336,,,,,,,,,
MUDr. SOŇA HÜTTNEROVÁ,,7,,,,,,337,DELETE,,,,,337,,,,,,,,,
MUDr. Ladislava Vodičková,https://euc.cz/nase-zarizeni/kliniky/euc-klinika-ceske-budejovice/tym/mudr-ladislava-vodickova/,7,Moderní CMS/framework (komponentově orientovaný),"#007BA7, #FFFFFF, #333333","Hlavní slabinou je příliš komplexní a rozsáhlá navigace, která může uživatele zahltit a ztížit rychlé nalezení konkrétních informací o daném lékaři.",,,284,DELETE,,,,euc.cz/nase-zarizeni/kliniky/euc-klinika-ceske-budejovice/tym/mudr-ladislava-vodickova,284,,,,,,,,,
Zdařil Libor MUDr.,,7,,,,,,339,DELETE,,,,,339,,,,,,,,,
"Jindra Petr MUDr., Ph.D.",,7,,,,,,340,DELETE,,,,,340,,,,,,,,,
Poliklinika Pražská,,7,,,,,,341,DELETE,,,,,341,,,,,,,,,
Ryčovský Stanislav MUDr.,,7,,,,,,342,DELETE,,,,,342,,,,,,,,,
Zubní Lékař Micaj Anatolij MUDr.,,7,,,,,,343,DELETE,,,,,343,,,,,,,,,
MUDr. Petr Peška,,7,,,,,,344,DELETE,,,,,344,,,,,,,,,
Matice Školské 1786/17,,7,,,,,,345,DELETE,,,,,345,,,,,,,,,
Stecherová Olga MUDr. - Ortodontista,,7,,,,,,346,DELETE,,,,,346,,,,,,,,,
"Zubní lékař - Dvořák Josef, MUDr.",,7,,,,,,347,DELETE,,,,,347,,,,,,,,,
Стоматология,,7,,,,,,348,DELETE,,,,,348,,,,,,,,,
Frommová Daniela MUDr.,,7,,,,,,349,DELETE,,,,,349,,,,,,,,,
MUDr.Marešová Terézie,,7,,,,,,350,DELETE,,,,,350,,,,,,,,,
Vališová Jana MUDr.,,7,,,,,,351,DELETE,,,,,351,,,,,,,,,
HI.Dentistry s.r.o.,https://www.facebook.com/HI.DENTISTRY,7,"HTML5, CSS3, JavaScript (Bootstrap, Owl Carousel, Font Awesome, Google Fonts Montserrat)","#00BCD4, #333333, #FFFFFF","Hlavní slabinou je použití generického obsahu a absence unikátního brandingu, což brání vytvoření osobité identity a důvěryhodnosti pro potenciální pacienty.",info@hi-dentistry.cz,,298,DELETE,,,,facebook.com/hi.dentistry,298,,,,,,,,,
Majada S.r.o.,,7,,,,,,353,DELETE,,,,,353,,,,,,,,,
Zubní Lékař Potyšová Marcela MUDr.,,7,,,,,,354,DELETE,,,,,354,,,,,,,,,
MUDr. Pavla Ježková,,7,,,,,,355,DELETE,,,,,355,,,,,,,,,
Zubní Lékař Sádlová Zdena MUDr.,,7,,,,,,356,DELETE,,,,,356,,,,,,,,,
Zubní Lékař Kučerová Hana MUDr.,,7,,,,,,357,DELETE,,,,,357,,,,,,,,,
Voldřichová Hana MUDr.,,7,,,,,,358,DELETE,,,,,358,,,,,,,,,
Zubní Lékař Česánková Jana MUDr.,,7,,,,,,359,DELETE,,,,,359,,,,,,,,,
Kabátová Olga MUDr.,,7,,,,,,360,DELETE,,,,,360,,,,,,,,,
Zubní ordinace Daniela Šindlerová,,7,,,,,,361,DELETE,,,,,361,,,,,,,,,
"Dentio - Strakonice, spol. S R.o.",,7,,,,,,362,DELETE,,,,,362,,,,,,,,,
Karas Karel MUDr.,,7,,,,,,363,DELETE,,,,,363,,,,,,,,,
Zubní Lékař Thöndlová Marie MUDr.,,7,,,,,,364,DELETE,,,,,364,,,,,,,,,
Stomatologická protetika,,7,,,,,,365,DELETE,,,,,365,,,,,,,,,
Zubní Lékař Vlachová Jana MUDr.,,7,,,,,,366,DELETE,,,,,366,,,,,,,,,
Hradecká Jitka MUDr.,,7,,,,,,367,DELETE,,,,,367,,,,,,,,,
"MUDr. Tušková Dana, praktický zubní lékař",,7,,,,,,368,DELETE,,,,,368,,,,,,,,,
Mareš Jaroslav MUDr.,,7,,,,,,369,DELETE,,,,,369,,,,,,,,,
Dentry - zubař Praha,https://dentry.cz/,7,Gradie (pravděpodobně custom CMS/page builder),"#007bff, #ffffff, #28a745","Hlavní slabinou je duplicitní sekce 'Nabízíme' a používání budoucích dat v novinkách, což naznačuje problémy s konzistencí obsahu a správou šablon.",info@dentry.cz,,316,DELETE,,,,dentry.cz,316,,,,,,,,,
Zubní klinika CLINIC+. Centrum dentální péče,https://clinic-plus.cz/,7,Vlastní CSS framework s grid systémem (podobný Bootstrapu),,"Hlavní slabinou je duplikace navigačních a CTA prvků v HTML kódu, což zvyšuje bloat a komplikuje údržbu.",info@clinic-plus.cz,,317,DELETE,,,,clinic-plus.cz,317,,,,,,,,,
MDDr. Pavel Fidler - soukromá zubní ordinace,,7,,,,,,372,DELETE,,,,,372,,,,,,,,,
Strnadová Vladimíra MUDr.,,7,,,,,,373,DELETE,,,,,373,,,,,,,,,
Zubní Lékař Otavová Ivana MUDr.,,7,,,,,,374,DELETE,,,,,374,,,,,,,,,
"Stomat, spol. s.r.o.",,7,,,,,,375,DELETE,,,,,375,,,,,,,,,
Zubní ordinace MUDr. Helena Šprinclová,,7,,,,,,376,DELETE,,,,,376,,,,,,,,,
Zubní Lékař Leger Aleš MUDr.,,7,,,,,,377,DELETE,,,,,377,,,,,,,,,
"MUDr. Karel Votava, Zubní Ordinace",,7,,,,,,378,DELETE,,,,,378,,,,,,,,,
Zubní Lékař Theimer Martin MUDr.,,7,,,,,,379,DELETE,,,,,379,,,,,,,,,
"3Mdent MUDr. Martina Šmídová, zubař Ústí nad Labem",,7,,,,,,380,DELETE,,,,,380,,,,,,,,,
Zubní Lékař Dvořáková Jana MUDr.,,7,,,,,,381,DELETE,,,,,381,,,,,,,,,
Soukromá zubní ordinace Ústí nad Labem,,7,,,,,,382,DELETE,,,,,382,,,,,,,,,
Zubní Lékař Münster Jan MUDr.,,7,,,,,,383,DELETE,,,,,383,,,,,,,,,
Zubní Lékař Cermanová Alexandra MUDr.,,7,,,,,,384,DELETE,,,,,384,,,,,,,,,
BlackDental s.r.o.,,7,,,,,,385,DELETE,,,,,385,,,,,,,,,
Zubní Lékař Zýka Aleš MUDr.,,7,,,,,,386,DELETE,,,,,386,,,,,,,,,
zubni ordinace Kačirek,,7,,,,,,387,DELETE,,,,,387,,,,,,,,,
Domorádová Bohumila MUDr.,,7,,,,,,388,DELETE,,,,,388,,,,,,,,,
"Dentcom, spol. S R.o.",,7,,,,,,389,DELETE,,,,,389,,,,,,,,,
Čabrádek Milan MUDr.,,7,,,,,,390,DELETE,,,,,390,,,,,,,,,
KERA-DENS s.r.o. - Zubní Laboratoř,,7,,,,,,391,DELETE,,,,,391,,,,,,,,,
Zubní Lékař Sedláčková Jiřina MUDr.,,7,,,,,,392,DELETE,,,,,392,,,,,,,,,
Helena Szabóová MUDr.,,7,,,,,,393,DELETE,,,,,393,,,,,,,,,
Nalosová Blanka MUDr.,,7,,,,,,394,DELETE,,,,,394,,,,,,,,,
Peml Ladislav MUDr.,,7,,,,,,395,DELETE,,,,,395,,,,,,,,,
MUDr. Alena Klapková,,7,,,,,,396,DELETE,,,,,396,,,,,,,,,
MUDr. Olga Jizerová,,7,,,,,,397,DELETE,,,,,397,,,,,,,,,
Stomatologická laboratoř,,7,,,,,,398,DELETE,,,,,398,,,,,,,,,
Zubní Lékař Kačírková Iva MUDr.,,7,,,,,,399,DELETE,,,,,399,,,,,,,,,
Fryček Ivan MUDr.,,7,,,,,,400,DELETE,,,,,400,,,,,,,,,
MUDr. Marie Klančíková - Zubní Lékař,,7,,,,,,401,DELETE,,,,,401,,,,,,,,,
Studio Dent S.r.o,,7,,,,,,402,DELETE,,,,,402,,,,,,,,,
"Dentis, spol. s r.o.",,7,,,,,,403,DELETE,,,,,403,,,,,,,,,
ULDENTA,,7,,,,,,404,DELETE,,,,,404,,,,,,,,,
Ord. praktického lékaře stomatologa,,7,,,,,,405,DELETE,,,,,405,,,,,,,,,
Ord. praktického lékaře stomatologa,,7,,,,,,406,DELETE,,,,,406,,,,,,,,,
Havránková Alena MUDr.,,7,,,,,,407,DELETE,,,,,407,,,,,,,,,
"Ortodoncie, zubní laboratoř",,7,,,,,,408,DELETE,,,,,408,,,,,,,,,
"MUDr. Rudolf Michálek, neurologie",,7,,,,,,409,DELETE,,,,,409,,,,,,,,,
MUDr. Radka Charouzdová,,7,,,,,,410,DELETE,,,,,410,,,,,,,,,
Zubní Peml,,7,,,,,,411,DELETE,,,,,411,,,,,,,,,
Ord. praktického lékaře pro dospělé,,7,,,,,,412,DELETE,,,,,412,,,,,,,,,
Nebáznivý Jan MUDr.,,7,,,,,,413,DELETE,,,,,413,,,,,,,,,
"3Mdent MUDr. Martina Šmídová, zubař Ústí nad Labem",,7,,,,,,414,DELETE,,,,,414,,,,,,,,,
Zubní Lékař Dvořáková Jana MUDr.,,7,,,,,,415,DELETE,,,,,415,,,,,,,,,
Soukromá zubní ordinace Ústí nad Labem,,7,,,,,,416,DELETE,,,,,416,,,,,,,,,
Zubní Lékař Münster Jan MUDr.,,7,,,,,,417,DELETE,,,,,417,,,,,,,,,
Zubní Lékař Cermanová Alexandra MUDr.,,7,,,,,,418,DELETE,,,,,418,,,,,,,,,
BlackDental s.r.o.,,7,,,,,,419,DELETE,,,,,419,,,,,,,,,
Zubní Lékař Zýka Aleš MUDr.,,7,,,,,,420,DELETE,,,,,420,,,,,,,,,
zubni ordinace Kačirek,,7,,,,,,421,DELETE,,,,,421,,,,,,,,,
Domorádová Bohumila MUDr.,,7,,,,,,422,DELETE,,,,,422,,,,,,,,,
"Dentcom, spol. S R.o.",,7,,,,,,423,DELETE,,,,,423,,,,,,,,,
Čabrádek Milan MUDr.,,7,,,,,,424,DELETE,,,,,424,,,,,,,,,
KERA-DENS s.r.o. - Zubní Laboratoř,,7,,,,,,425,DELETE,,,,,425,,,,,,,,,
Zubní Lékař Sedláčková Jiřina MUDr.,,7,,,,,,426,DELETE,,,,,426,,,,,,,,,
Helena Szabóová MUDr.,,7,,,,,,427,DELETE,,,,,427,,,,,,,,,
Nalosová Blanka MUDr.,,7,,,,,,428,DELETE,,,,,428,,,,,,,,,
Peml Ladislav MUDr.,,7,,,,,,429,DELETE,,,,,429,,,,,,,,,
MUDr. Alena Klapková,,7,,,,,,430,DELETE,,,,,430,,,,,,,,,
MUDr. Olga Jizerová,,7,,,,,,431,DELETE,,,,,431,,,,,,,,,
Stomatologická laboratoř,,7,,,,,,432,DELETE,,,,,432,,,,,,,,,
Zubní Lékař Kačírková Iva MUDr.,,7,,,,,,433,DELETE,,,,,433,,,,,,,,,
Fryček Ivan MUDr.,,7,,,,,,434,DELETE,,,,,434,,,,,,,,,
MUDr. Marie Klančíková - Zubní Lékař,,7,,,,,,435,DELETE,,,,,435,,,,,,,,,
Studio Dent S.r.o,,7,,,,,,436,DELETE,,,,,436,,,,,,,,,
"Dentis, spol. s r.o.",,7,,,,,,437,DELETE,,,,,437,,,,,,,,,
ULDENTA,,7,,,,,,438,DELETE,,,,,438,,,,,,,,,
Ord. praktického lékaře stomatologa,,7,,,,,,439,DELETE,,,,,439,,,,,,,,,
Ord. praktického lékaře stomatologa,,7,,,,,,440,DELETE,,,,,440,,,,,,,,,
Havránková Alena MUDr.,,7,,,,,,441,DELETE,,,,,441,,,,,,,,,
"Ortodoncie, zubní laboratoř",,7,,,,,,442,DELETE,,,,,442,,,,,,,,,
"MUDr. Rudolf Michálek, neurologie",,7,,,,,,443,DELETE,,,,,443,,,,,,,,,
Zubní Peml,,7,,,,,,444,DELETE,,,,,444,,,,,,,,,
MUDr. Radka Charouzdová,,7,,,,,,445,DELETE,,,,,445,,,,,,,,,
Ord. praktického lékaře pro dospělé,,7,,,,,,446,DELETE,,,,,446,,,,,,,,,
Nebáznivý Jan MUDr.,,7,,,,,,447,DELETE,,,,,447,,,,,,,,,
Zubní Lékař Šolcová Jana MUDr.,,7,,,,,,448,DELETE,,,,,448,,,,,,,,,
Stomatologická ordinace MUDr. Monika Budínová,,7,,,,,,449,DELETE,,,,,449,,,,,,,,,
ZUBNÍ CENTRUM KRONUSOVÁ s.r.o.,,7,,,,,,450,DELETE,,,,,450,,,,,,,,,
Dent Plzeň s.r.o.,,7,,,,,,451,DELETE,,,,,451,,,,,,,,,
Mudr. Švec Petr,,7,,,,,,452,DELETE,,,,,452,,,,,,,,,
Pojhanmanesh Dent s.r.o.,,7,,,,,,453,DELETE,,,,,453,,,,,,,,,
Puchnerová Hana MUDr. - Praktická Zubní Lékařka,,7,,,,,,454,DELETE,,,,,454,,,,,,,,,
MUDr. Zeithamlová Věra - soukromá zubní ordinace,,7,,,,,,455,DELETE,,,,,455,,,,,,,,,
Zubař Petr Nový MUDr.,,7,,,,,,456,DELETE,,,,,456,,,,,,,,,
"MUDr. Robert Houba, Ph.D.",,7,,,,,,457,DELETE,,,,,457,,,,,,,,,
"AF-Dent, s.r.o.",,7,,,,,,458,DELETE,,,,,458,,,,,,,,,
MUDr.Andrea Bendová,,7,,,,,,459,DELETE,,,,,459,,,,,,,,,
dentail s.r.o. - MDDr. Michael Vajskebr,,7,,,,,,460,DELETE,,,,,460,,,,,,,,,
Zubní Lékař Habánová Jitka MUDr.,,7,,,,,,461,DELETE,,,,,461,,,,,,,,,
Zubní ordinace Helena Sedláčková,,7,,,,,,462,DELETE,,,,,462,,,,,,,,,
MUDr. Martin Zich - praktický zubní lékař,,7,,,,,,463,DELETE,,,,,463,,,,,,,,,
Zubní ordinace,,7,,,,,,464,DELETE,,,,,464,,,,,,,,,
Zubní Lékař Šteklová Miroslava MUDr.,,7,,,,,,465,DELETE,,,,,465,,,,,,,,,
Zubní ordinace MUDr.Krmíček,,7,,,,,,466,DELETE,,,,,466,,,,,,,,,
MUDr. Jelena Langová - praktický zubní lékař,,7,,,,,,467,DELETE,,,,,467,,,,,,,,,
MUDr. Hurt - praktický zubní lékař,,7,,,,,,468,DELETE,,,,,468,,,,,,,,,
Zubní praxe Plachého s.r.o.,,7,,,,,,469,DELETE,,,,,469,,,,,,,,,
MUDr. Veronika Voštová,,7,,,,,,470,DELETE,,,,,470,,,,,,,,,
Zubní Praxe Karlovarská S.r.o.,,7,,,,,,471,DELETE,,,,,471,,,,,,,,,
MUDr. Daniela Vrábelová,,7,,,,,,472,DELETE,,,,,472,,,,,,,,,
MUDr. Blažena Jirkovská - praktický zubní lékař,,7,,,,,,473,DELETE,,,,,473,,,,,,,,,
Zubní Lékař Wiltová Věra MUDr.,,7,,,,,,474,DELETE,,,,,474,,,,,,,,,
MUDr. Mirko Fürych - praktický zubní lékař,,7,,,,,,475,DELETE,,,,,475,,,,,,,,,
Vitadent s.r.o.,,7,,,,,,476,DELETE,,,,,476,,,,,,,,,
Zubní Lékař Písařová Jana MUDr.,,7,,,,,,477,DELETE,,,,,477,,,,,,,,,
MUDr. Hana Bečková - zubní ordinace,,7,,,,,,478,DELETE,,,,,478,,,,,,,,,
Privátní zubní ordinace,,7,,,,,,479,DELETE,,,,,479,,,,,,,,,
ART DENTAL s.r.o.,,7,,,,,,480,DELETE,,,,,480,,,,,,,,,
Panznerová Alena MUDr.,,7,,,,,,481,DELETE,,,,,481,,,,,,,,,
Zubní Ordinace - Malá Zdeňka MUDr.,,7,,,,,,482,DELETE,,,,,482,,,,,,,,,
Bergerová M. MUDr. zubní lékař,,7,,,,,,483,DELETE,,,,,483,,,,,,,,,
MUDr. Jitka Rokytová - praktický zubní lékař,,7,,,,,,484,DELETE,,,,,484,,,,,,,,,
Stomatologická ordinace,,7,,,,,,485,DELETE,,,,,485,,,,,,,,,
Lišková Jarmila MUDr.,,7,,,,,,486,DELETE,,,,,486,,,,,,,,,
Zubní ordinace ChiroDental,,7,,,,,,487,DELETE,,,,,487,,,,,,,,,
Zubní ordinace MUDr Švarc Václav,,7,,,,,,488,DELETE,,,,,488,,,,,,,,,
MUDr. Iveta Červená,,7,,,,,,489,DELETE,,,,,489,,,,,,,,,
THORN DENT s.r.o.,,7,,,,,,490,DELETE,,,,,490,,,,,,,,,
MUDr. Ferdinanda Bočková - soukromá zubní praxe,,7,,,,,,491,DELETE,,,,,491,,,,,,,,,
MUDr. Václava Brožková,,7,,,,,,492,DELETE,,,,,492,,,,,,,,,
MUDr. Ivana Hechtová,,7,,,,,,493,DELETE,,,,,493,,,,,,,,,
Zubní Lékař Möckl Roland MUDr.,,7,,,,,,494,DELETE,,,,,494,,,,,,,,,
Zubní Lékař Švejstilová Alena MUDr.,,7,,,,,,495,DELETE,,,,,495,,,,,,,,,
Zubní Lékař Zindrová Miriam MUDr.,,7,,,,,,496,DELETE,,,,,496,,,,,,,,,
MDDr. Adam Vrána,,7,,,,,,497,DELETE,,,,,497,,,,,,,,,
"Slavotínek Michal Mudr., Slavotínková Marta MUDr.",,7,,,,,,498,DELETE,,,,,498,,,,,,,,,
MUDr. Vlasta Marešová,,7,,,,,,499,DELETE,,,,,499,,,,,,,,,
Pokorná Hana MUDr.,,7,,,,,,500,DELETE,,,,,500,,,,,,,,,
R & R Dent s.r.o.,,7,,,,,,501,DELETE,,,,,501,,,,,,,,,
MUDr. Pavel Jech,,7,,,,,,502,DELETE,,,,,502,,,,,,,,,
MUDr.Eva Kubištová - privátní zubní ordinace,,7,,,,,,503,DELETE,,,,,503,,,,,,,,,
Dentální hygiena Nely,,7,,,,,,504,DELETE,,,,,504,,,,,,,,,
Holistic Dental S.r.o.,,7,,,,,,505,DELETE,,,,,505,,,,,,,,,
Lebedová Božena MUDr.,,7,,,,,,506,DELETE,,,,,506,,,,,,,,,
MUDr. Dagmar Karpowiczová,,7,,,,,,507,DELETE,,,,,507,,,,,,,,,
Zubní Lékař Petrasová Blanka MUDr.,,7,,,,,,508,DELETE,,,,,508,,,,,,,,,
Praktické zubní lékařství,,7,,,,,,509,DELETE,,,,,509,,,,,,,,,
Zubní ordinace,,7,,,,,,510,DELETE,,,,,510,,,,,,,,,
Zubní ordinace s laboratoří,,7,,,,,,511,DELETE,,,,,511,,,,,,,,,
Privátní zubní praxe,,7,,,,,,512,DELETE,,,,,512,,,,,,,,,
MDDr. Radek Švec,,7,,,,,,513,DELETE,,,,,513,,,,,,,,,
Zubní Lékař Pfefferová Alena MUDr.,,7,,,,,,514,DELETE,,,,,514,,,,,,,,,
Stomatologická ordinace,,7,,,,,,515,DELETE,,,,,515,,,,,,,,,
Privátní zubní ordinace,,7,,,,,,516,DELETE,,,,,516,,,,,,,,,
Václav Novák,,7,,,,,,517,DELETE,,,,,517,,,,,,,,,
Privátní stomatologická praxe,,7,,,,,,518,DELETE,,,,,518,,,,,,,,,
Privátní stomatologická ambulance,,7,,,,,,519,DELETE,,,,,519,,,,,,,,,
Ambulance Penta s.r.o.,,7,,,,,,520,DELETE,,,,,520,,,,,,,,,
MUDr. Anna Taitlová,,7,,,,,,521,DELETE,,,,,521,,,,,,,,,
MUDr. Blašková Irena,,7,,,,,,522,DELETE,,,,,522,,,,,,,,,
MUDr. Jan Konečný - praktické zubní lékařství,,7,,,,,,523,DELETE,,,,,523,,,,,,,,,
Zubní Lékař Sochová Yvetta MUDr.,,7,,,,,,524,DELETE,,,,,524,,,,,,,,,
MUDr. Vlastimil Říčař - praktické zubní lékařství,,7,,,,,,525,DELETE,,,,,525,,,,,,,,,
MUDr. Milena Korálová - praktické zubní lékařství,,7,,,,,,526,DELETE,,,,,526,,,,,,,,,
Zubní Lékař Socha Zdeněk MUDr.,,7,,,,,,527,DELETE,,,,,527,,,,,,,,,
MUDr. Daniela Kučerová - praktické zubní lékařství,,7,,,,,,528,DELETE,,,,,528,,,,,,,,,
MUDr. Eva Fichtlová - praktická zubní lékařka,,7,,,,,,529,DELETE,,,,,529,,,,,,,,,
Révayová Hana MUDr.,,7,,,,,,530,DELETE,,,,,530,,,,,,,,,
Dental cheb,,7,,,,,,531,DELETE,,,,,531,,,,,,,,,
"Egradent, S.r.o.",,7,,,,,,532,DELETE,,,,,532,,,,,,,,,
Společná praxe lékařů - Orofaciální centrum,,7,,,,,,533,DELETE,,,,,533,,,,,,,,,
Stomatologická ordinace,,7,,,,,,534,DELETE,,,,,534,,,,,,,,,
Soukromá zubní praxe,,7,,,,,,535,DELETE,,,,,535,,,,,,,,,
Ordinace praktického zubního lékaře,,7,,,,,,536,DELETE,,,,,536,,,,,,,,,
MUDr. Zdeněk Socha,,7,,,,,,537,DELETE,,,,,537,,,,,,,,,
Samostatná ordinace stomatologa,,7,,,,,,538,DELETE,,,,,538,,,,,,,,,
Ordinace praktického stomatologa,,7,,,,,,539,DELETE,,,,,539,,,,,,,,,
Ing. Rudolf Fejtek,,7,,,,,,540,DELETE,,,,,540,,,,,,,,,
Revay Jaroslav MUDr.,,7,,,,,,541,DELETE,,,,,541,,,,,,,,,
SokoDent s.r.o.,,7,,,,,,542,DELETE,,,,,542,,,,,,,,,
MUDr. Tomáš Kratochvíl,,7,,,,,,543,DELETE,,,,,543,,,,,,,,,
Zubní Pohotovost,,7,,,,,,544,DELETE,,,,,544,,,,,,,,,
MUDr. Katarína Kindlová,,7,,,,,,545,DELETE,,,,,545,,,,,,,,,
Ambulance zubního lékaře,,7,,,,,,546,DELETE,,,,,546,,,,,,,,,
MUDr. Luboš Suchý,,7,,,,,,547,DELETE,,,,,547,,,,,,,,,
Jakldent S.r.o.,,7,,,,,,548,DELETE,,,,,548,,,,,,,,,
MUDr. Dana Šedivá,,7,,,,,,549,DELETE,,,,,549,,,,,,,,,
Ordinace zubního lékaře,,7,,,,,,550,DELETE,,,,,550,,,,,,,,,
Ordinace zubního lékaře,,7,,,,,,551,DELETE,,,,,551,,,,,,,,,
Zubní Lékař Herold Jaroslav MUDr.,,7,,,,,,552,DELETE,,,,,552,,,,,,,,,
MUDr. Alena Vlasáková,,7,,,,,,553,DELETE,,,,,553,,,,,,,,,
MUDr. Tomáš Brada,,7,,,,,,554,DELETE,,,,,554,,,,,,,,,
Zubní Lékař Šotová Marie MUDr.,,7,,,,,,555,DELETE,,,,,555,,,,,,,,,
MUDr. Květoslava Kovaříková,,7,,,,,,556,DELETE,,,,,556,,,,,,,,,
MUDr. Richard Suda,,7,,,,,,557,DELETE,,,,,557,,,,,,,,,
Zubní Lékař Rachová Květuše MUDr.,,7,,,,,,558,DELETE,,,,,558,,,,,,,,,
Stomatologie Hosnedl S.r.o.,,7,,,,,,559,DELETE,,,,,559,,,,,,,,,
Soukromá stomatologická ordinace,,7,,,,,,560,DELETE,,,,,560,,,,,,,,,
Soukromá zubní praxe,,7,,,,,,561,DELETE,,,,,561,,,,,,,,,
MUDr. Jaroslav Maršík - Praktický zubní lékař,,7,,,,,,562,DELETE,,,,,562,,,,,,,,,
Dentální hygiena a bělení zubů- Petr Köck DiS. et DiS.(DH-Köck s.r.o.),,7,,,,,,563,DELETE,,,,,563,,,,,,,,,
Zubní Lékař Macháčková Dagmar MUDr.,,7,,,,,,564,DELETE,,,,,564,,,,,,,,,
Rovnátka Klatovy,,7,,,,,,565,DELETE,,,,,565,,,,,,,,,
Soukromá zubní ordinace,,7,,,,,,566,DELETE,,,,,566,,,,,,,,,
PerfectDent Tachov s.r.o.,,7,,,,,,567,DELETE,,,,,567,,,,,,,,,
Zubní ordinace,,7,,,,,,568,DELETE,,,,,568,,,,,,,,,
Stomatologická ordinace,,7,,,,,,569,DELETE,,,,,569,,,,,,,,,
MUDr. Kostíková Jana,,7,,,,,,570,DELETE,,,,,570,,,,,,,,,
MUDr. Marie Ditrichová,,7,,,,,,571,DELETE,,,,,571,,,,,,,,,
MUDr. Alena Kohutová,,7,,,,,,572,DELETE,,,,,572,,,,,,,,,
Privátní zubní ordinace,,7,,,,,,573,DELETE,,,,,573,,,,,,,,,
Privátní zubní ordinace,,7,,,,,,574,DELETE,,,,,574,,,,,,,,,
Staněk Kamil MUDr.,,7,,,,,,575,DELETE,,,,,575,,,,,,,,,
Zubní Lékař Blecha Petr MUDr.,,7,,,,,,576,DELETE,,,,,576,,,,,,,,,
MUDr. Kateřina Fastová,,7,,,,,,577,DELETE,,,,,577,,,,,,,,,
MUDr. Václav Hlinovský,,7,,,,,,578,DELETE,,,,,578,,,,,,,,,
MUDr. Luboš Tesař,,7,,,,,,579,DELETE,,,,,579,,,,,,,,,
MUDr. Jiří Šmíd,,7,,,,,,580,DELETE,,,,,580,,,,,,,,,
WH - Zubní ordinace s.r.o.,,7,,,,,,581,DELETE,,,,,581,,,,,,,,,
MUDr.Hana Weishäuplová - praktické zubní lékařství,,7,,,,,,582,DELETE,,,,,582,,,,,,,,,
Praktické zubní lékařství,,7,,,,,,583,DELETE,,,,,583,,,,,,,,,
MUDr. Jarmila Pečená - praktické zubní lékařství a ortodoncie,,7,,,,,,584,DELETE,,,,,584,,,,,,,,,
MUDr. Hromádková Hana,,7,,,,,,585,DELETE,,,,,585,,,,,,,,,
MUDr. Hana Filipovská - praktická zubní lékařka,,7,,,,,,586,DELETE,,,,,586,,,,,,,,,
Zubní Lékař Charvát Tomáš MUDr.,,7,,,,,,587,DELETE,,,,,587,,,,,,,,,
Zubní ordinace - Bolfík Ondřej MDDr.,,7,,,,,,588,DELETE,,,,,588,,,,,,,,,
Mudr. Lisačenko Vladislav - praktické zubní lékařství,,7,,,,,,589,DELETE,,,,,589,,,,,,,,,
MUDr. Hana Pojtingerová,,7,,,,,,590,DELETE,,,,,590,,,,,,,,,
Zubní Lékař Schmitt Jaroslav MUDr.,,7,,,,,,591,DELETE,,,,,591,,,,,,,,,
Matějíčková Hana MUDr.,,7,,,,,,592,DELETE,,,,,592,,,,,,,,,
Hladík Pavel MUDr.,,7,,,,,,593,DELETE,,,,,593,,,,,,,,,
Šetek Vladislav MUDr. - zubní ordinace – stomatolog,,7,,,,,,594,DELETE,,,,,594,,,,,,,,,
MUDr. Regina Břízová,,7,,,,,,595,DELETE,,,,,595,,,,,,,,,
Zemanová Simona MUDr.,,7,,,,,,596,DELETE,,,,,596,,,,,,,,,
Sudová Olga MUDr.,,7,,,,,,597,DELETE,,,,,597,,,,,,,,,
"DENTÁLNÍ HYGIENA DĚČÍN - Kubátová Daniela, DiS.",,7,,,,,,598,DELETE,,,,,598,,,,,,,,,
Janda Zdeněk MUDr.,,7,,,,,,599,DELETE,,,,,599,,,,,,,,,
Miličová Jiřina MUDr.,,7,,,,,,600,DELETE,,,,,600,,,,,,,,,
Schmitt Jaroslav MUDr.,,7,,,,,,601,DELETE,,,,,601,,,,,,,,,
Rambousková Rita MUDr.,,7,,,,,,602,DELETE,,,,,602,,,,,,,,,
Voráčková Jaroslava MUDr. - prakt. Zubní Lékařka,,7,,,,,,603,DELETE,,,,,603,,,,,,,,,
Ivanovská Jarmila MUDr.,,7,,,,,,604,DELETE,,,,,604,,,,,,,,,
Zubní laboratoř,,7,,,,,,605,DELETE,,,,,605,,,,,,,,,
Strnad Ivan MUDr.,,7,,,,,,606,DELETE,,,,,606,,,,,,,,,
Stomatologie Mudr. Romana Červová - Hájková,,7,,,,,,607,DELETE,,,,,607,,,,,,,,,
Dentalcare Louny s.r.o.,,7,,,,,,608,DELETE,,,,,608,,,,,,,,,
MDDr. Alžběta Ptáčková,,7,,,,,,609,DELETE,,,,,609,,,,,,,,,
Zubní Lékař Vlček Miroslav MUDr.,,7,,,,,,610,DELETE,,,,,610,,,,,,,,,
MDDr. Kateřina Gráfová,,7,,,,,,611,DELETE,,,,,611,,,,,,,,,
MUDr. Veronika Raisová,,7,,,,,,612,DELETE,,,,,612,,,,,,,,,
Vaše zubní CENTRUM,,7,,,,,,613,DELETE,,,,,613,,,,,,,,,
MUDr. Zdeněk Skála,,7,,,,,,614,DELETE,,,,,614,,,,,,,,,
Medimade,,7,,,,,,615,DELETE,,,,,615,,,,,,,,,
Zubní Lékař Skolilová Makéta MUDr.,,7,,,,,,616,DELETE,,,,,616,,,,,,,,,
Zubní Lékař Chloubová Alena MUDr.,,7,,,,,,617,DELETE,,,,,617,,,,,,,,,
Zubní Lékař Vaněk Jiří MUDr.,,7,,,,,,618,DELETE,,,,,618,,,,,,,,,
"Dental Poděbrady s.r.o., Zubní ordinace",,7,,,,,,619,DELETE,,,,,619,,,,,,,,,
Zubní Středisko Poděbrady spol. S R.o.,,7,,,,,,620,DELETE,,,,,620,,,,,,,,,
Zubní Lékař Pekláková Jana MUDr.,,7,,,,,,621,DELETE,,,,,621,,,,,,,,,
MUDr. Romana Husáková,,7,,,,,,622,DELETE,,,,,622,,,,,,,,,
"MUDr. Pavel Raba, stomatolog",,7,,,,,,623,DELETE,,,,,623,,,,,,,,,
Soukromá zubní ordinace,,7,,,,,,624,DELETE,,,,,624,,,,,,,,,
MUDr. Anna Suchánková,,7,,,,,,625,DELETE,,,,,625,,,,,,,,,
Čejková Marie MUDr.,,7,,,,,,626,DELETE,,,,,626,,,,,,,,,
Zubní pohotovost Mělník,,7,,,,,,627,DELETE,,,,,627,,,,,,,,,
Zubní klinika,,7,,,,,,628,DELETE,,,,,628,,,,,,,,,
Zubní Lékař Nečasová Ivana MUDr.,,7,,,,,,629,DELETE,,,,,629,,,,,,,,,
MUDr. Stanislava Vajchrová,,7,,,,,,630,DELETE,,,,,630,,,,,,,,,
MUDr. Milan Jonáš,,7,,,,,,631,DELETE,,,,,631,,,,,,,,,
Zubní Lékař Karbanová Hana MUDr.,,7,,,,,,632,DELETE,,,,,632,,,,,,,,,
Ortodoncie Nesměráková Eva MUDr.,,7,,,,,,633,DELETE,,,,,633,,,,,,,,,
Ordinace stomatologa - ortodoncie,,7,,,,,,634,DELETE,,,,,634,,,,,,,,,
Dentální centrum LFDENT OLOMOUC - KRÁSNÝ ÚSMĚV,https://www.vaskrasnyusmev.cz/,6,WordPress s Elementorem,"#3498DB, #333333, #F2F2F2","Extrémní redundance a hluboké zanořování HTML elementů, typické pro page buildery jako Elementor, což snižuje čitelnost kódu, potenciálně zpomaluje načítání a komplikuje budoucí úpravy či optimalizaci.",info@vaskrasnyusmev.cz,,581,DELETE,,,,vaskrasnyusmev.cz,581,,,,,,,,,
DENT - zubní klinika,https://kamenicekstoma.cz/#utm_source=firmy.cz&utm_medium=ppd&utm_campaign=firmy.cz-13051197,6,WordPress a WPBakery Page Builder,"#1e73be, #333333, #ffffff","HTML kód je nadměrně rozvláčný a hluboce zanořený s mnoha prázdnými nebo redundantními div elementy, pravděpodobně jako důsledek použití page builderu, což negativně ovlivňuje čitelnost, výkon a udržitelnost.",info@kamenicekstoma.cz,,582,DELETE,,,,kamenicekstoma.cz/#utm_source=firmy.cz&utm_medium=ppd&utm_campaign=firmy.cz-13051197,582,,,,,,,,,
ART-MEDICA s.r.o.,https://art-medica.cz/,6,Custom HTML/CSS,,"Hlavní slabinou je absence vizuálních stylů přímo v HTML a placeholder obrázky, což naznačuje zastaralý nebo nedokončený design postrádající moderní estetiku a vizuální atraktivitu.",objednani.artmedica@centrum.cz,,583,DELETE,,,,art-medica.cz,583,,,,,,,,,
"MUDr. Jan Paroulek, CSc.",http://www.paroulek.cz/index.php/kontakt,6,"WordPress (šablona Themify Ultra, plugin FluentForm)","#2CADA5, #E8720C, #3A3D3F",Obecná WordPress šablona bez vlastní vizuální identity a s neaktuální stock fotografií u kontaktů,info@paroulek.cz,,584,DELETE,,,,paroulek.cz/index.php/kontakt,584,,,,,,,,,
PD Dent s.r.o – MDDr. David Paulů,http://pddent.cz/,6,"WordPress 6.9, výchozí šablona Twenty Seventeen","#DCEEF2, #1C2B39, #2F80C4",Web používá výchozí nezměněnou šablonu WordPress (Twenty Seventeen) bez vlastní grafické identity,,,585,DELETE,,,,pddent.cz,585,,,,,,,,,
MUDr. Táňa Hoplíčková - zubní ordinace s.r.o.,https://www.thstomatologie.cz/,6,WordPress,"#F0F0F0, #FFFFFF, #000000, #61AB31, #666666","The HTML structure is overly complex with redundant elements and reliance on non-semantic spacing, suggesting an outdated and less maintainable build.",info@thstomatologie.cz,,586,DELETE,,,,thstomatologie.cz,586,,,,,,,,,
FreshDent Schweitzerova s.r.o.,http://freshdentolomouc.cz/,6,"WordPress 7.0.2, Elementor + Slider Revolution (pomalé načítání)","#1B4B3A, #2FBF9E, #FFFFFF","Pomalu se načítající úvodní sekce kvůli těžkým knihovnám (Slider Revolution, TweenMax) - horší rychlost načtení stránky",,,587,DELETE,,,,freshdentolomouc.cz,587,,,,,,,,,
Zubní lékař MUDr. Iva Papajíková,https://www.znamylekar.cz/iva-papajikova/zubar/olomouc,6,"Standardní webové technologie (HTML, CSS, JavaScript)",,"Extrémně zahlcená a nepřehledná HTML struktura s hlubokou vnořeností a generickými třídami, což komplikuje údržbu, sémantiku a potenciálně ovlivňuje výkon.",,,588,DELETE,,,,znamylekar.cz/iva-papajikova/zubar/olomouc,588,,,,,,,,,
DENTAL CLINIC - MDDr. Tereza Perničková,https://www.stomaper.cz/,6,WordPress s WPBakery Page Builder,"#2C3E50, #1ABC9C, #ECF0F1","Nadměrná a nepřehledná struktura HTML kódu s mnoha zbytečnými divy, pravděpodobně generovaná starším page builderem, což zhoršuje čitelnost, udržitelnost a potenciálně i výkon a SEO.",ordinace@stomaper.cz,,589,DELETE,,,,stomaper.cz,589,,,,,,,,,
Dentální hygiena Olomouc MariDental,https://maridental.cz/,6,WordPress s Elementor page builderem,,"HTML je extrémně verboní a nesémantické, což je typické pro stránky silně závislé na page builderu a může negativně ovlivnit výkon a budoucí údržbu.",info@maridental.cz,,590,DELETE,,,,maridental.cz,590,,,,,,,,,
"Stomatologická ordinace, MUDr. Sylva Vlachopulosová",https://forgeb.github.io/Ordinace-Olomouc/,6,"Bootstrap (implied by CSS class names like container, row, col-lg-x)","#007bff, #ffffff, #343a40","The HTML structure heavily relies on generic 'div' elements instead of semantic HTML5 tags, leading to a less meaningful document outline, and crucial accessibility features like 'alt' attributes for images are consistently missing.",,,591,DELETE,,,,forgeb.github.io/ordinace-olomouc,591,,,,,,,,,
MUDr. Slávka Pastrňáková,https://www.znamylekar.cz/slavka-pastrnakova/zubar/olomouc,6,"Standardní webová aplikace (HTML, CSS, JavaScript) na platformě ZnamyLekar.cz","#333333, #007bff, #dee2e6","Hlavní slabinou je absence ceníku a zastaralé, konfliktní recenze pacientů, které snižují důvěryhodnost a transparentnost informací pro potenciální pacienty.",,,592,DELETE,,,,znamylekar.cz/slavka-pastrnakova/zubar/olomouc,592,,,,,,,,,
MY Dentica s.r.o.,https://www.mydentica.cz/,6,"WordPress, Elementor Pro, Essential Addons for Elementor","#FFFFFF, #007BFF, #333333","Kód neobsahuje aktivní odkaz pro telefonní číslo, což ztěžuje přímé volání, zejména z mobilních zařízení.",,,593,DELETE,,,,mydentica.cz,593,,,,,,,,,
Stomka S.r.o.,https://www.stomka.cz/,6,"Custom HTML/CSS, pravděpodobně generovaný CMS nebo frontend frameworkem kvůli struktuře DIV elementů",,"Hlavní slabinou je matoucí kombinace prominentního tlačítka pro objednání a oznámení o nepřijímání nových pacientů, což vytváří zmatek, a také silně textově orientovaný obsah bez vizuální podpory.",stomatologiekaspar@gmail.com,,594,DELETE,,,,stomka.cz,594,,,,,,,,,
MUDr. Milan Staněk - Zubní lékař,http://www.zubni-lekar-zlin.cz/,6,"Vlastní kód, bez rozpoznatelného CMS","#2E9E9E, #F26522, #FFFFFF",V horní části stránky se zobrazují nevykreslené hranaté závorky '[[' před textem o objednávání - rozbitý kód šablony.,,,595,DELETE,,,,zubni-lekar-zlin.cz,595,,,,,,,,,
Cigánková Vlasta MUDr.,https://www.znamylekar.cz/vlasta-cigankova/zubar/zlin,6,Web application framework,"#333333, #FFFFFF, #007BFF","Hlavní slabinou je absence klíčových informací jako ceník a online kalendář, společně s velmi protichůdnými a často kritickými recenzemi, které podkopávají důvěryhodnost profilu.",,,596,DELETE,,,,znamylekar.cz/vlasta-cigankova/zubar/zlin,596,,,,,,,,,
MDDr. Agáta Navláčilová s.r.o.,http://www.navlacilova.cz/,6,"Vlastní kód, bez rozpoznatelného CMS","#A8CFF0, #FFFFFF, #444444","Mezi jednotlivými sekcemi jsou obrovské prázdné mezery (stovky pixelů), takže obsah působí velmi řídce.",ordinacenavlacilova51@gmail.com,,597,DELETE,,,,navlacilova.cz,597,,,,,,,,,
MUDr. Mária Frnková,https://www.znamylekar.cz/maria-frnkova/zubar/zlin,6,"HTML5, dynamicky generovaný obsah s použitím moderního frontend frameworku (např. React) a CSS modulů.","#FFFFFF, #212529, #0A64B9","Hlavní slabinou je absence vlastního brandingu a klíčových informací jako ceník a zkušenosti, což snižuje osobní a informační hodnotu pro potenciální pacienty.",,,598,DELETE,,,,znamylekar.cz/maria-frnkova/zubar/zlin,598,,,,,,,,,
JIRDENT s.r.o. - MDDr. Zdeňka Filáková,https://www.zubnilekarkazlin.cz/,6,WordPress s Divi Builderem,,"The HTML reveals a generic, bloated structure typical of a page builder, lacking a distinct visual identity and engaging content presentation suitable for a professional dental practice, and contains an unprofessional remnant text 'elegant themes coupon'.",filakova.z@email.cz,,599,DELETE,,,,zubnilekarkazlin.cz,599,,,,,,,,,
Dentální centrum Moravec,http://www.moravecdent.cz/,6,"Vlastní kód, bez rozpoznatelného CMS","#1FADAD, #7B2D8E, #FFFFFF",V hlavičce stránky je pravopisná chyba 'NEPŘÍJMÁME' místo správného 'NEPŘIJÍMÁME'.,moravecdent@seznam.cz,,600,DELETE,,,,moravecdent.cz,600,,,,,,,,,
Dami smile s.r.o,https://www.dami-smile.cz/,6,"WordPress, Nowadays Theme, Gutenberg/Page Builder, Swiper.js, Font Awesome, jQuery","#007BFF, #20C997, #343A40","HTML kód je nadměrně rozsáhlý s mnoha generickými a prázdnými `div` elementy, postrádá sémantickou strukturu v klíčových oblastech a neefektivně implementuje obrázky, což snižuje čitelnost, udržitelnost a přístupnost.",ordinace@dami-smile.cz,,601,DELETE,,,,dami-smile.cz,601,,,,,,,,,
Dentální hygiena Daniela Raková DiS.,http://www.dentalkadaniela.cz/,6,WordPress + Elementor 3.33.6,"#FAE1CC, #B8956A, #FFFFFF",Web je jen jednostránkový bez menu a chybí informace o ceníku či ordinačních hodinách.,daniela.rakova.dh@gmail.com,,602,DELETE,,,,dentalkadaniela.cz,602,,,,,,,,,
Karvinská hornická nemocnice a.s.,https://www.khn.cz/,6,Bootstrap,"#003366, #007BFF, #333333","HTML kód je nepřehledný s mnoha zakomentovanými bloky a nedokončenými navigačními prvky (např. '-->'), což naznačuje špatnou údržbu kódu a potenciální problémy při dalším rozvoji.",info@khn.agel.cz,,603,DELETE,,,,khn.cz,603,,,,,,,,,
MUDr.Eva Kvíčalová,https://www.znamylekar.cz/eva-kvicalova/zubar/prostejov,6,ZnamyLekar.cz platform,"#0d6efd, #212529, #6c757d","The main weakness is the absence of crucial practical information such as current pricing and an active online booking calendar, which hinders patient decision-making and makes the profile feel outdated.",,,604,DELETE,,,,znamylekar.cz/eva-kvicalova/zubar/prostejov,604,,,,,,,,,
MUDr. Radomíra Ševčíková,https://oteviracka.cz/detail/mudr-radomira-sevcikova-blansko-sadova-zubni-ordinace/,6,"HTML5, CSS3","#000000, #FFFFFF, #0000FF","The main weakness is its stark, text-only design lacking any visual branding or interactive elements crucial for engaging potential patients.",sevcikovar@seznam.cz,,605,DELETE,,,,oteviracka.cz/detail/mudr-radomira-sevcikova-blansko-sadova-zubni-ordinace,605,,,,,,,,,
MUDr. Irena Vrtělová,https://www.znamylekar.cz/irena-vrtelova/zubar/blansko,6,Platform-specific server-side rendered HTML with traditional CSS/JS,"#007bff, #343a40, #FFD700","The HTML kód je nadměrně rozvláčný a hluboce zanořený, což negativně ovlivňuje udržovatelnost, potenciální výkon a přístupnost.",,,606,DELETE,,,,znamylekar.cz/irena-vrtelova/zubar/blansko,606,,,,,,,,,
ORTOPEK - ortodoncie MUDr. Honzírková,https://rovnatkablansko.cz/,6,WordPress,,"HTML kód trpí nadměrným používáním generických div elementů, hlubokým zanořením a nedostatkem sémantické struktury, což komplikuje jeho čitelnost a údržbu.",,,607,DELETE,,,,rovnatkablansko.cz,607,,,,,,,,,
Stomatologická ordinace - MUDr. Radka Smažíková,https://radkasmazikova.wixsite.com/mudr,6,Wix,"#000000, #FFFFFF, #0000EE","The main weakness is the purely textual and unengaging presentation of critical information, lacking modern visual design for patient engagement.",,,608,DELETE,,,,radkasmazikova.wixsite.com/mudr,608,,,,,,,,,
Ordinace Gregora s.r.o.,https://www.ordinacegregora.cz/,6,Google Sites,,"The website's reliance on Google Sites severely limits design customization, visual engagement through images or video, and advanced interactive features.",,,609,DELETE,,,,ordinacegregora.cz,609,,,,,,,,,
NoKa Dental Klinik spol. s r.o.,https://www.nokadental.cz/,6,WordPress (s Gutenberg editorem),"#0c82d0, #333333, #FFFFFF","HTML kód je extrémně rozvláčný, má hlubokou vnořenou strukturu s mnoha generickými a prázdnými divy, což ztěžuje čitelnost a údržbu.",ordinace@nokadental.cz,,610,DELETE,,,,nokadental.cz,610,,,,,,,,,
MUDr. Vlasta Havlíčková,https://www.znamylekar.cz/vlasta-havlickova/zubar/ceske-budejovice,6,"Moderní webová platforma s komponentovou architekturou (pravděpodobně JavaScript framework jako React, Vue nebo Angular)","#00B3BB, #333333, #F5F5F5, #FFFFFF","Hlavní slabinou je absence klíčových informací pro pacienty, jako je podrobný ceník služeb a aktivní online kalendář pro objednávání.",,,611,DELETE,,,,znamylekar.cz/vlasta-havlickova/zubar/ceske-budejovice,611,,,,,,,,,
MUDr.Štěpán Jankovský,https://www.znamylekar.cz/stepan-jankovsky/zubar/ceske-budejovice,6,"HTML5, CSS, JavaScript","#007bff, #333333, #ffffff","Hlavní slabinou je absence ceníku služeb, což je pro potenciální pacienty klíčová informace, a negativní recenze ohledně cen a komunikace tuto slabinu dále zdůrazňují.",,,612,DELETE,,,,znamylekar.cz/stepan-jankovsky/zubar/ceske-budejovice,612,,,,,,,,,
Zubní ordinace Dentvita,https://www.google.com/aclk?sa=L&ai=DChsSEwiTqqPn1NaVAxWZc0cBHa8vDd4YACICCAEQCRoCcXU&co=1&ase=2&gclid=Cj0KCQjwguLSBhDLARIsAH-yPrHb1yZSuuS2HWwGsUcTr5tafMZABZFhEPoxlOyLW3lFVRVYMLZJTiMaAl-sEALw_wcB&cid=CAASuwHkaCBDkIvpKipAWHQqL5ZFljUKCe3X1F2DpjxncWhxSh0YPXyeisgLFUTWFyb-VgU4xh2W2GD6M7HsDgEHenXjebYTkfn5LjBH07HCT592ycPpIu1df4S8OfuWqvZ2RJrE9RY7AJ0crzz6dXARj5S6VX9MK-OMaaZx11dqvyy9KGq2R9Clxo9ZcA_1EVBlKFqwqHsuKNYJzkH10zGaSfzm6Kyio-ch_uYbUBGWqiE8CAW1EcW-jjGKL-Dn&cce=2&category=acrcp_v1_32&sig=AOD64_3QnuAyxTZt4zw_EK9WruHkV3rekA&adurl&q&ctype=99&nis=6,6,WordPress a Elementor,"#0056B3, #FFFFFF, #333333","Hlavní slabinou je nadměrná redundance a složitost HTML kódu, zejména v navigačních prvcích, což indikuje neoptimální výstup z page builderu.",,,613,DELETE,,,,google.com/aclk?sa=l&ai=dchssewitqqpn1navaxwzc0cbha8vdd4yaciccaeqcroccxu&co=1&ase=2&gclid=cj0kcqjwgulsbhdlarisah-yprhb1yzsuus2hwwgsuctr5tafmzabzfhepoxloylw3lfvrvymlzjtimaal-sealw_wcb&cid=caasuwhkacbdkivpkipawhqql5zfljukce3x1f2dpjxncwhxsh0ypxyeisglfutwfyb-vgu4xh2w2gd6m7hsdgehenxjebytkfn5ljbh07hct592ycppiu1df4s8ofuwqvz2rjre9ry7aj0crzz6dxarj5s6vx9mk-omaazx11dqvyy9kgq2r9clxo9zca_1evblkfqwqhsuknyjzkh10zgasfzm6kyio-ch_uybubgwqie8caw1ecw-jjgkl-dn&cce=2&category=acrcp_v1_32&sig=aod64_3qnuayxtzt4zw_ek9wruhkv3reka&adurl&q&ctype=99&nis=6,613,,,,,,,,,
Élyseé Dental Clinique,https://elyseedental.cz/,6,WordPress,"#1E3A8A, #3B82F6, #FFFFFF","HTML kód je nadměrně složitý a obsahuje mnoho zbytečných nebo prázdných elementů, což zhoršuje čitelnost a údržbu.",info@elyseedental.cz,,614,DELETE,,,,elyseedental.cz,614,,,,,,,,,
Zubní ordinace MDDr. Michaela Baránková,http://www.silesiandentist.cz/,5,"Drupal 7 (modul jquery_update, cesta sites/all/modules)","#4FA8DC, #5BB8E8, #333333","Běží na Drupalu 7, jehož podpora skončila v lednu 2025 - vizuálně čisté, ale technologicky zastaralé a zranitelné",ordinace@silesiandentist.cz,,615,DELETE,,,,silesiandentist.cz,615,,,,,,,,,
OLDENT - ZUBNÍ ORDINACE,http://www.oldent.cz/,5,"WordPress 5.7, šablona Mesmerize","#3A7BD5, #2F6FB0, #FFFFFF",Web běží na zastaralé verzi WordPress 5.7 (z roku 2021) bez viditelných aktualizací - bezpečnostní riziko i přes moderní vizuál,info@oldent.cz,,616,DELETE,,,,oldent.cz,616,,,,,,,,,
Stomatologická ambulance Komenského s.r.o.,http://stomako.cz/,5,WordPress 5.5.3 (z roku 2020),"#5A9E1F, #1F2937, #FFFFFF","Běží na WordPressu verze 5.5.3 z roku 2020, roky bez aktualizace jádra - výrazné bezpečnostní riziko",stomako@seznam.cz,,617,DELETE,,,,stomako.cz,617,,,,,,,,,
GastaDent s.r.o.,http://www.gastadent.cz/,5,Google Sites (bezplatný webový builder),"#B0B0B0, #2A7B93, #FFFFFF","Web je vytvořen pomocí bezplatného Google Sites - genericky vypadá, omezené možnosti brandingu i SEO",ordinace@gastadent.cz,,618,DELETE,,,,gastadent.cz,618,,,,,,,,,
Exlerová Ivana MUDr.,http://zubarkaolomouc.cz/,5,WordPress 5.3.2 (z roku 2019),"#29C4D6, #2B2B2B, #FFFFFF","WordPress jádro verze 5.3.2 je z roku 2019 - roky bez aktualizace, vážné bezpečnostní riziko i přes kreativní design",zubkubinek@seznam.cz,,619,DELETE,,,,zubarkaolomouc.cz,619,,,,,,,,,
Zubařská školka,http://www.zubarskaskolka.cz/,5,WordPress 7.0.2,"#FFFFFF, #FF6B4A, #1A1A1A","vodní hero obrázek se vůbec nenačítá a zůstává jako šedá plocha, což kazí první dojem z jinak moderního designu.",info@zubarskaskolka.cz,,620,DELETE,,,,zubarskaskolka.cz,620,,,,,,,,,
Zubní centrum Jasenský s.r.o.,http://www.jasensky.eu/,5,WordPress 6.8.5 + Elementor,"#E8F5E0, #1B2A3A, #2E7D32",Uvodni fotka (zena lezici v trave) tematicky nesouvisi se stomatologii a nepusobi duveryhodne.,mddr.jasensky@gmail.com,,621,DELETE,,,,jasensky.eu,621,,,,,,,,,
Dental surgery Teradent Ltd. - MuDr. Tereza Žáková,http://www.teradent.cz/,5,WordPress + Elementor 3.14.0,"#E8998D, #FFFFFF, #333333","vodní fotka v hero sekci má rušivý půltónový efekt, který ji dělá pixelovanou a méně profesionální.",info@teradent.cz,,622,DELETE,,,,teradent.cz,622,,,,,,,,,
Stomatologická ordinace MDDr. Jakub Turčan,http://www.ordinaceunabrezi.cz/,5,WordPress 5.6.17,"#D9CBC0, #2B3138, #FFFFFF","Jádro WordPressu (5.6.17) je výrazně zastaralé, což je bezpečnostní riziko.",ordinaceunabrezi@gmail.com,,623,DELETE,,,,ordinaceunabrezi.cz,623,,,,,,,,,
Jiřina Urbanová - Dentální hygiena,https://www.zubyzlin.cz/,5,Standardní HTML/CSS,,"Hlavní slabina webu spočívá v extrémně složité a neefektivní HTML struktuře s hlubokým zanořením prvků, nedostatečné přístupnosti (chybí alt atributy u obrázků) a kriticky chybějících konkrétních cenách u většiny služeb.",zubyzlin@seznam.cz,,624,DELETE,,,,zubyzlin.cz,624,,,,,,,,,
MUDr. Vladimíra Krátká,http://www.vladimirakratka.cz/,5,"Vlastní kód, bez rozpoznatelného CMS","#2ECC71, #FFFFFF, #333333","Web postrádá jakékoliv fotografie ordinace či týmu, působí proto neosobně a generičky.",info@vladimirakratka.cz,,625,DELETE,,,,vladimirakratka.cz,625,,,,,,,,,
Gemini oční klinika - ZLÍN,http://www.gemini.cz/,5,WordPress (All in One SEO 4.9.6.2),"#2E9B8F, #F5A623, #FFFFFF","Sekce 'Nabízené zákroky' na úvodní stránce je zcela prázdná - nadpis je zobrazen, ale obsah pod ním chybí.",,,626,DELETE,,,,gemini.cz,626,,,,,,,,,
Moravia Dent spol. s r.o.,http://www.moraviadent.cz/,5,Joomla!,"#1A1A1A, #FFFFFF, #E67E22","vodní stránka obsahuje jen jeden odstavec textu a jednu malou fotografii, zbytek je prázdný bílý prostor.",moraviadent@gmail.com,,627,DELETE,,,,moraviadent.cz,627,,,,,,,,,
Reflexdent,http://www.reflexdent.cz/kontakt.html,5,"Vlastni web (agentura Fresh Idea, bez CMS)","#4A7FB5, #FFFFFF, #E85D2F","Chybi online objednavkovy system, kontakt je jen telefonicky nebo pres jednoduchy formular.",info@reflexdent.cz,,628,DELETE,,,,reflexdent.cz/kontakt.html,628,,,,,,,,,
Novadent s.r.o.,http://www.novadent-havirov.cz/,5,"Vlastni web (custom, bez CMS signatur)","#6FBE44, #2D5FA6, #FFFFFF","Hlavni stranka hned oznamuje, ze ordinace nove pacienty neprijima, coz znemoznuje konverzi z webu.",novadent@centrum.cz,,629,DELETE,,,,novadent-havirov.cz,629,,,,,,,,,
MDDr. Marek Kadlubiec,http://www.makadent.cz/,5,WordPress 7.0.1,"#333333, #2D6E8E, #C9A227","Uvodni obrazovka je z velke casti prazdna bila plocha, hlavni menu a obsah jsou schovane az dole.",denthyg.galacova@gmail.com,,630,DELETE,,,,makadent.cz,630,,,,,,,,,
"HELIODENT, s.r.o.",http://www.heliodent.cz/,5,Joomla,"#8FC93A, #16394D, #FFFFFF","Sekce Aktuality je prazdna, system sam hlasi, ze v ni nejsou zadne clanky, coz pusobi neudrzovane.",heliodent@centrum.cz,,631,DELETE,,,,heliodent.cz,631,,,,,,,,,
RTdent,http://www.rtdent.cz/,5,Webnode 2,"#C9A876, #333333, #FFFFFF","V kodu sablony zustal zapomenuty placeholder e-mail vedle skutecneho kontaktu, coz pusobi neprofesionalne.",rtdent@email.cz,,632,DELETE,,,,rtdent.cz,632,,,,,,,,,
MDDr.. Gottwaldová Jana,https://www.dente.cz/,5,Webnode,"#333333, #FFFFFF, #007BFF","Hlavní slabinou webu je příliš komplexní a nadměrně zanořená HTML struktura, která snižuje čitelnost kódu, sémantickou hodnotu a potenciálně i výkon.",info@dente.cz,,633,DELETE,,,,dente.cz,633,,,,,,,,,
Stomatologie Matas - MDDr. Tomáš Matas,https://www.stomatologie-matas.cz/?utm_source=google&utm_medium=wix_google_business_profile&utm_campaign=14270425668555268877,5,"Website builder (např. Wix, Squarespace)","#000000, #FFFFFF, #4A90E2","Hlavní slabinou je nadměrně verbózní a často prázdná HTML struktura s mnoha zbytečnými div prvky, spolu s chybějícími klíčovými meta tagy (charset, viewport), což negativně ovlivňuje výkon a optimalizaci pro mobilní zařízení.",info@stomatologie-matas.cz,,634,DELETE,,,,stomatologie-matas.cz/?utm_source=google&utm_medium=wix_google_business_profile&utm_campaign=14270425668555268877,634,,,,,,,,,
"Stomatochirurgické a implantologické centrum Olomouc, spol. s r.o.",https://stomchircentrum.cz/,4,WordPress with Divi Theme,"#000000, #FFFFFF, #0000FF","The website uses an overly verbose and non-semantic HTML structure, characteristic of a page builder, which can negatively impact SEO, accessibility, and overall code maintainability.",recepce@stomchircentrum.cz,,635,DELETE,,,,stomchircentrum.cz,635,,,,,,,,,
MDDr. Petra Vejrostová - zubní ordinace,http://www.petravejrostova.cz/,4,"WordPress, vlastní šablona + Slider Revolution (nefunkční slider)","#1B8A8F, #6FBF44, #1F6FBF",Hlavní hero sekce (Slider Revolution) se nenačte a zůstává prázdná - stejný technický problém jako u libento.cz,info@petravejrostova.cz,,636,DELETE,,,,petravejrostova.cz,636,,,,,,,,,
MDDr. Eva Mozoľová,https://www.emdental.cz/,4,WordPress (s Elementor a Gutenberg bloky),"#007BFF, #FFFFFF, #333333","HTML kód je silně zaneřáděný a málo sémantický kvůli nadměrnému používání divů a duplicitnímu obsahu, což zhoršuje čitelnost, udržitelnost a přístupnost.",mozolova@emdental.cz,,637,DELETE,,,,emdental.cz,637,,,,,,,,,
MDDr. Roman Zemánek,https://www.romanzemanek.cz/kontakt/,4,Webnode,"#000000, #FFFFFF, #EEEEEE","Hlavní slabinou je nadměrně generický a neoptimální HTML kód s nedostatkem sémantické struktury, což zhoršuje čitelnost, udržitelnost a potenciálně SEO.",zemanekromann@email.cz,,638,DELETE,,,,romanzemanek.cz/kontakt,638,,,,,,,,,
perfect teeth s.r.o.,https://perfect-teeth.cz/,4,"Pravděpodobně postaveno pomocí drag-and-drop page builderu (např. WordPress s Elementorem/Divi), vzhledem k velkému množství prázdných a hluboce zanořených divů; součástí je i cookie consent modul.",,"Hlavní slabinou je extrémně neuspořádaná a nesémantická HTML struktura plná zbytečných divů, která komplikuje údržbu a efektivní redesign bez kompletního přepracování kódu.",olomouc@perfect-teeth.cz,,639,DELETE,,,,perfect-teeth.cz,639,,,,,,,,,
Zuboland s.r.o.,http://zuboland.cz/,4,WordPress 4.9.26 (zastaralé jádro),"#0B2E5C, #C9A250, #2E7FD6","Jádro WordPressu (4.9.26) je silně zastaralé a nezáplatované, což je bezpečnostní riziko i přes hezký vizuál.",olomouc@zuboland.cz,,640,DELETE,,,,zuboland.cz,640,,,,,,,,,
Zubní ordinace Zlín s.r.o.,http://www.zubnizlin.cz/,4,WordPress 6.8.1 + Elementor,"#1D3557, #D32F2F, #FFFFFF","Title stránky je extrémně dlouhý a obsahuje celou marketingovou větu, což škodí SEO i čitelnosti v záložce prohlížeče.",ordinace@zubnizlin.cz,,641,DELETE,,,,zubnizlin.cz,641,,,,,,,,,
Medifis Clinic,http://www.medifis.cz/,4,WordPress 7.0.2,"#6B4226, #F5F0E8, #2E5C6E","Při prvním načtení se stránka na chvíli zobrazuje prázdná bílá, než se dotáhnou velké obrázky a fonty.",recepce@medifis.cz,,642,DELETE,,,,medifis.cz,642,,,,,,,,,
Mddr. Eva Huťová,http://www.zubarkazlin.cz/,4,"Vlastní kód, bez rozpoznatelného CMS","#F5E642, #1A1A1A, #FFFFFF","Cookie lišta ve spodní části zakrývá nadpis další sekce ('Naše služby'), což narušuje vizuální hierarchii stránky.",,,643,DELETE,,,,zubarkazlin.cz,643,,,,,,,,,
Dětská zubní ordinace Zlín,http://www.detskezoubky.cz/,4,WordPress (Divi 4.27.7),"#4FBEC4, #FFFFFF, #333333","V sekci 'O nás' zůstává velká prázdná plocha vedle textu, obsah nevyplňuje šířku sekce.",info@edentordinace.cz,,644,DELETE,,,,detskezoubky.cz,644,,,,,,,,,
Poliklinika Karviná,http://www.poliklinikavkarvine.cz/,4,Redakcni system mesta Karvina,"#E2231A, #FFFFFF, #2E2E2E","Stranka prezentuje celou polikliniku obecne, chybi samostatna podstranka pro zubni ordinace.",poliklinika@karvina.cz,,645,DELETE,,,,poliklinikavkarvine.cz,645,,,,,,,,,
MUDr. Kubíček Bohdan - Klinika U stromovky,http://www.bkimplant.cz/,4,WordPress (bez Elementor signatur),"#7CB342, #8B2E2E, #FFFFFF","Velke prazdne plochy v horni casti hlavni stranky nejsou dobre vyuzite, hero sekce pusobi opticky prazdne.",bkimplant@seznam.cz,,646,DELETE,,,,bkimplant.cz,646,,,,,,,,,
MDDr. Lucie Stejskalová,https://luciestejskalova.cz/,4,"WordPress, GeneratePress","#333333, #0073aa, #FFFFFF","Hlavní slabinou je staticky spravovaný časově citlivý obsah, který rychle zastarává, a duplicitní vstupní pole v kontaktním formuláři.",zubar@luciestejskalova.cz,,647,DELETE,,,,luciestejskalova.cz,647,,,,,,,,,
Poliklinika Kuřim Medex - K S.r.o.,https://www.poliklinikakurim.cz/,4,"HTML, CSS, JavaScript (StaWEBnice)","#3498db, #333333, #f8f8f8","Zastaralá a nesémantická HTML struktura bez podpory responzivního designu, což vede k neoptimální uživatelské zkušenosti, zejména na mobilních zařízeních.",,,648,DELETE,,,,poliklinikakurim.cz,648,,,,,,,,,
MACE restaurant,https://macerestaurant.cz/,4,WordPress (s page builderem),"#333333, #8B0000, #F8F8F8","Hlavní slabinou je extrémně přebujelá a nesémantická HTML struktura, která snižuje čitelnost kódu, výkon a dostupnost.",,,649,DELETE,,,,macerestaurant.cz,649,,,,,,,,,
Houdek Dent,https://www.houdekdent.cz/,4,Website builder (likely Webnode or similar),"#FFFFFF, #000000, #F0F0F0","The highly nested and non-semantic HTML structure, likely generated by a website builder, negatively impacts maintainability, performance, and accessibility.",,,650,DELETE,,,,houdekdent.cz,650,,,,,,,,,
Zubní Lékař Kovaříková Eva MUDr.,https://www.znamylekar.cz/eva-kovarikova/zubar/ceske-budejovice,4,"HTML, CSS, JavaScript (platforma ZnamyLekar.cz)","#333333, #007bff, #28a745","Primární slabinou je nedostatek informací o službách (ceník) a praxi lékaře v kombinaci s převážně negativními recenzemi, což snižuje důvěryhodnost profilu.",,,651,DELETE,,,,znamylekar.cz/eva-kovarikova/zubar/ceske-budejovice,651,,,,,,,,,
Orapex S.r.o.,https://www.orapex.cz/,4,Webnode,"#ffffff, #000000, #007bff","The primary weakness is the heavily bloated and unsemantic HTML structure, generated by a website builder, which negatively impacts maintainability, accessibility, and potentially SEO.",orapex@seznam.cz,,652,DELETE,,,,orapex.cz,652,,,,,,,,,
LIBENTO - Stomatologické centrum,http://www.libento.cz/,3,"WordPress 6.0.12, WPBakery Page Builder + Slider Revolution (nefunkční slider)","#A9803D, #FFFFFF, #4A3B2A",Hlavní hero sekce (Slider Revolution) se vůbec nenačte a zůstává jako prázdná šedá plocha - zásadní viditelná chyba na úvodní stránce,recepce@libento.cz,,653,DELETE,,,,libento.cz,653,,,,,,,,,
CENTRUM ZUBNÍ MEDICÍNY s. r. o.,https://www.dentaldesign.cz/,3,"Website Builder (e.g., Wix-like)","#000000, #FFFFFF","The main weakness is the severe lack of meaningful content regarding dental services, doctor profiles, or any visual elements, making the page uninformative for potential clients.",info@dentaldesign.cz,,654,DELETE,,,,dentaldesign.cz,654,,,,,,,,,
Dental Sphere,https://www.dentalsphere.cz/,3,WordPress s Divi Builderem,"#333333, #FFFFFF, #007BFF","Hlavní slabinou je vysoce verbose a nesémantická HTML struktura, která je výsledkem silné závislosti na page builderu, což negativně ovlivňuje udržitelnost, výkon a optimalizaci pro vyhledávače.",recepce@dentalsphere.cz,,655,DELETE,,,,dentalsphere.cz,655,,,,,,,,,
Ordinace Velký s.r.o.,http://www.ordinacevelky.cz/,3,"Vlastní kód bez CMS (jQuery 1.10.2 z r. 2013, žádný redakční systém)","#12587a, #17b1df, #e6238f",Web není responzivní pro mobily (chybí meta viewport) a technologie jsou přes 10 let zastaralé,info@ordinacevelky.cz,,656,DELETE,,,,ordinacevelky.cz,656,,,,,,,,,
BRAZDA DENTAL s.r.o.,https://brazdadental.cz/,3,Static HTML,,"Absence jakéhokoli CSS a JavaScriptu vede k vizuálně zastaralému, nestrukturovanému a pravděpodobně nereagujícímu webu s velmi špatnou uživatelskou zkušeností a údržbou.",brazdadental@email.cz,,657,DELETE,,,,brazdadental.cz,657,,,,,,,,,
Zubní praxe MUDr. Nevrlá,https://www.zubolomouc.cz/,3,WordPress (s vysokou pravděpodobností s page builderem nebo složitou šablonou),"#0056b3, #333333, #f8f9fa","HTML kód je extrémně verbose, repetitivní a hluboce zanořený, což negativně ovlivňuje rychlost načítání, čitelnost, SEO a celkovou udržitelnost.",nevrla.jitka@seznam.cz,,658,DELETE,,,,zubolomouc.cz,658,,,,,,,,,
MUDr. Josef Bazala,https://www.znamylekar.cz/josef-bazala/zubar/olomouc,3,"Standard web stack (HTML, CSS, JS) on ZnamyLekar.cz platform","#007bff, #343a40, #f8f9fa","The HTML structure is excessively nested with generic div elements, significantly impacting readability, maintainability, and semantic understanding for modern web development.",,,659,DELETE,,,,znamylekar.cz/josef-bazala/zubar/olomouc,659,,,,,,,,,
"GUM care, s. r. o.",http://gumcare.cz/,3,Vlastní/starý webový systém (žádný známý CMS),"#29ABE2, #C0000F, #FFFFFF",Vizuálně zastaralý design z přelomu 2000/2010 s genericko fotografií a nepřehlednou červenou výstražnou sekcí,,,660,DELETE,,,,gumcare.cz,660,,,,,,,,,
MUDr. Erik Beisl,https://oteviracka.cz/detail/mudr-erik-beisl-olomouc-trida-kosmonautu-zubni-ordinace/,3,Raw HTML,"#000000, #FFFFFF, #0000EE","The primary weakness is the complete absence of modern design and styling, making the website visually unappealing and outdated.",,,661,DELETE,,,,oteviracka.cz/detail/mudr-erik-beisl-olomouc-trida-kosmonautu-zubni-ordinace,661,,,,,,,,,
Zubní lékař,http://www.zubarkaolomouc.cz/,3,WordPress 5.3.2 (zastaralé jádro),"#29ABE2, #FFFFFF, #222222","Jádro WordPressu (5.3.2) je zastaralé, což je bezpečnostní riziko navzdory modernímu designu.",zubkubinek@seznam.cz,,662,DELETE,,,,zubarkaolomouc.cz,619,,,,,,,,,
MUDr. Petra Loníková - SanaDental s.r.o.,https://sanadental.cz/,3,"HTML5, CSS, a JavaScript; pravděpodobně na starším proprietárním systému FineNet nebo statický web s vlastní implementací.","#333333, #007BFF, #DC3545","Hlavní slabinou webu je použití zastaralých tabulek pro rozložení obsahu, což vážně narušuje responzivitu, přístupnost a sémantiku.",,,663,DELETE,,,,sanadental.cz,663,,,,,,,,,
Zdravotní centrum Janského,https://www.navstevalekare.cz/zdravotnicke-zarizeni/olomoucky-kraj-k306/olomouc-o533/olomouc-m7158/poliklinika-janskeho-olomouc-zz8160.html,3,"Standardní HTML s velmi komplexní a hluboce vnořenou strukturou, pravděpodobně generovaný serverovou stranou (např. PHP, ASP.NET) v rámci portálu NávštěvaLékaře.cz. Neobsahuje zjevné moderní front-end frameworky nebo knihovny přímo v HTML.","#000000, #007bff, #FFFFFF","Hlavní slabinou je extrémně rozsáhlá a hluboce vnořená struktura založená převážně na generických <div/> prvcích, která postrádá sémantické HTML5 elementy, což výrazně snižuje čitelnost, udržitelnost, přístupnost a výkon webu.",,,664,DELETE,,,,navstevalekare.cz/zdravotnicke-zarizeni/olomoucky-kraj-k306/olomouc-o533/olomouc-m7158/poliklinika-janskeho-olomouc-zz8160.html,664,,,,,,,,,
Rafael dentální klinika,http://www.bezbolestne.eu/,3,"Vlastní kód, bez rozpoznatelného CMS","#B8C6EA, #1A1A1A, #DCEFF0","Doména webu (bezbolestne.eu) neodpovídá názvu kliniky Rafael uvedenému v logu, což může mást návštěvníky přicházející z vyhledávače.",rafaelklinika@seznam.cz,,665,DELETE,,,,bezbolestne.eu,665,,,,,,,,,
"Stomatochirurgie Michl, s.r.o.",http://www.drmichl.cz/,3,"Vlastní kód, bez rozpoznatelného CMS","#1E88C7, #000000, #2ECC71","Fotografie lékaře jsou černobílé/ztmavené, což společně s emotivní citací působí stylisticky nesourodě.",,,666,DELETE,,,,drmichl.cz,666,,,,,,,,,
Dapodent,https://www.dapodent.cz/kontakt,3,Periscope Media LLC. (proprietární page builder),"#007bff, #f8f9fa, #212529","HTML kód je extrémně verbose a špatně strukturovaný s nadměrným vnořením a nedostatkem sémantických elementů, což naznačuje neefektivní page builder a negativně ovlivňuje udržovatelnost, přístupnost a SEO.",,,667,DELETE,,,,dapodent.cz/kontakt,667,,,,,,,,,
Stomatologie 32 ZSC s.r.o.,https://www.stomatologie32.cz/,3,Basic HTML,,"Hlavní slabina webu je nedostatečná vizuální struktura a přehlednost obsahu, která znemožňuje rychlou orientaci a efektivní komunikaci klíčových sdělení.",stomatologie32@seznam.cz,,668,DELETE,,,,stomatologie32.cz,668,,,,,,,,,
ELMEDENT s.r.o.,http://www.elmedent.cz/,3,WordPress 7.0.2,"#1E8449, #2C2C2C, #FFFFFF","Jeden z kontaktních e-mailů používá seznam.cz místo vlastní domény elmedent.cz, což oslabuje jednotnost značky.",citadela@elmedent.cz,,669,DELETE,,,,elmedent.cz,669,,,,,,,,,
MUDr. Lenka Vidrasová,https://www.wistdental.cz/,3,"Základní HTML a CSS, stará šablona W3layouts (2015).",,"Hlavní slabinou je nerelevantní a potenciálně škodlivý text o online objednávání doxycyklinu, který podkopává důvěryhodnost a profesionalitu kliniky.",,,670,DELETE,,,,wistdental.cz,670,,,,,,,,,
"MUDr. Přibíková, MUDr. Váchová - Dětmal s.r.o. - Dětský lékař",http://detmal.cz/,3,GravCMS,"#F2A65A, #6EC6E8, #FFFFFF","Web neuvádí žádný kontaktní e-mail, pouze telefon a datovou schránku, což ztěžuje písemný kontakt.",,,671,DELETE,,,,detmal.cz,671,,,,,,,,,
Mathonová Ilona MUDr.,http://www.alfafarm.cz/lekarsky-dum/mudr-ilona-mathonova/,3,WordPress (All in One SEO 4.9.10),"#4CAF50, #2B2B2B, #FFFFFF","Ordinace nemá vlastní web, je jen podstránkou webu lékárny ALFA farm, což oslabuje samostatnou identitu praxe.",,,672,DELETE,,,,alfafarm.cz/lekarsky-dum/mudr-ilona-mathonova,672,,,,,,,,,
Lékařský dům Zlín,https://www.lekarskydumzlin.cz/,3,Static HTML/Basic CMS,"#0A66C2, #F0F2F5, #198754","The primary weakness lies in the unstructured and repetitive presentation of a vast amount of information, making it difficult for users to quickly find specific details and challenging for administrators to maintain.",,,673,DELETE,,,,lekarskydumzlin.cz,673,,,,,,,,,
WEBE-DENTI,http://webedenti.com/,3,"Vlastni moderni web (custom, bez CMS signatur)","#14213D, #C9A66B, #FFFFFF","Web neuvadi primo telefonni cislo v hlavicce, kontakt je jen pres formular a e-mail.",recepce@webedenti.com,,674,DELETE,,,,webedenti.com,674,,,,,,,,,
Galenica Dental S.r.o.,https://www.galenicadental.cz/,3,Custom HTML/CSS (legacy practices),"#f7f7f7, #0087c5, #000, #FFF, #555, #efefef, #3f3f3f, #b0b0b0, #999","Hlavní slabinou je extrémně zastaralá a nesémantická HTML struktura, která pro layout masivně využívá tabulky a inline styly, což znemožňuje údržbu, rozšíření a adaptaci pro responzivní design.",,,675,DELETE,,,,galenicadental.cz,675,,,,,,,,,
MUDr. Kateřina Mazuchová,http://www.kamadent.cz/,3,"Vlastni moderni web (custom, bez CMS signatur)","#1B5FBF, #FFFFFF, #EAF3FB","Web neuvadi zadnou e-mailovou adresu ani kontaktni formular, pouze telefonni cislo.",,,676,DELETE,,,,kamadent.cz,676,,,,,,,,,
Klinika U Stromovky,http://www.ortodoncie-havirov.cz/,3,"Vlastni moderni web (custom, bez CMS signatur)","#8FA69B, #4CAF50, #FFFFFF","Text u fotografie s pacienty ma nizky kontrast na svetlem pozadi, citelnost hlavniho sloganu je slabsi.",ortogvuzdova@email.cz,,,,,,,,,,,,,,,,,
JOSENIKA s.r.o.,http://www.josenika.cz/,3,Vlastni web s brandingem Josenika (bez WP signatur),"#1A1A1A, #C9A66B, #FFFFFF","Video prehravac v hero sekci nema nahled ani popisek, navstevnik nevi, co po kliknuti ocekavat.",recepce@josenika.cz,,,,,,,,,,,,,,,,,
Centrum zdraví,https://centrumzdravipv.cz/,3,HTML5 a pravděpodobně vlastní CSS,"#E2E2E2, #F2F2F2, #489569","Hlavní slabinou je nadměrné používání generických div elementů, nedostatek sémantické struktury a chybějící podpora pro responzivní design, což vede k nepřehlednosti a obtížné údržbě.",,,,,,,,,,,,,,,,,,
Ortodoncie Pokorní,https://rovnatkapokorni.cz/,3,WordPress (starší verze/téma),,"Hlavní slabinou webu je zastaralá, extrémně naddimenzovaná a nesémantická HTML struktura, která komplikuje údržbu, SEO a přístupnost.",ordinace@rovnatkapokorni.cz,,,,,,,,,,,,,,,,,
"Bozadziev s.r.o. , Stomatologická a implantologická praxe",https://www.bozadziev.cz/,3,Webový builder (pravděpodobně Wix),,"HTML kód je extrémně nepřehledný, nadměrně složitý s mnoha prázdnými elementy a zcela postrádá jakékoli stylovací informace, což znemožňuje jeho čitelnost, údržbu a vizuální prezentaci.",,,,,,,,,,,,,,,,,,
Všeobecná kardiologická ambulance s.r.o. - ordinace Zubatka,https://www.viamb.cz/,3,WordPress s Divi Theme Builder,"#000000, #FFFFFF, #336699","The content in the HTML describes a cardiology and internal medicine ambulance, not a dentist's office as specified, alongside an excessively verbose and non-semantic code structure.",,,,,,,,,,,,,,,,,,
MUDr. Michaela Mallátová Dentlaser s.r.o.,https://www.dentlaser.cz/,3,WordPress (MediCenter Theme),,"Webová stránka sama deklaruje, že je zastaralá a připravuje nové, což podkopává důvěryhodnost a uživatelský dojem.",dentlaser@seznam.cz,,,,,,,,,,,,,,,,,
Like - Dent sro,https://www.like-dent.cz/kontakty.html,3,Custom by Lewest.cz,"#000000, #FFFFFF, #0000EE","The HTML code is excessively verbose, contains redundant and non-semantic elements, and is poorly structured, which negatively impacts maintainability, performance, and accessibility.",recepce@like-dent.cz,,,,,,,,,,,,,,,,,
ia zuby s.r.o.,https://marek-sterbak3.webnode.cz/,3,Custom HTML/CSS (pravděpodobně starší page builder nebo zakázková implementace),,"Hlavní slabinou je extrémně verbose a nesémantická HTML struktura, která je nabobtnalá a těžko udržovatelná, navíc chybí klíčové kontaktní informace (telefonní číslo) a jsou nefunkční vizuální prvky (ikony).",,,,,,,,,,,,,,,,,,
Tuháček Jiří MUDr.,https://www.strakonak.cz/provozovna-348-mudr-jiri-tuhacek/,3,Proprietary CMS (STRAKOŇÁK.CZ),"#333333, #F8F8F8, #007BFF","The main weakness is that the doctor's essential information is diluted by being embedded in a general, cluttered local directory instead of a dedicated, patient-focused website.",,,,,,,,,,,,,,,,,,
Collegium Dentalis,https://www.collegiumdentalis.cz/,2,XHTML 1.0 Transitional,,"Hlavní slabinou je extrémně zastaralá a nesémantická HTML struktura, která zásadně omezuje použitelnost, přístupnost a budoucí rozšiřitelnost webu.",recepce@collegiumdentalis.cz,,,,,,,,,,,,,,,,,
MUDr. Marek Pluháček,https://oteviracka.cz/detail/mudr-marek-pluhacek-olomouc-bozetechova-zubni-ordinace/,2,"Plain HTML4/XHTML with extensive inline styling and table-based layouts, indicative of a very legacy approach.","#99CCFF, #FFFFFF, #CCCCFF","The website relies on extremely outdated HTML4 practices, including table-based layouts and inline styles, which severely compromise its visual appeal, responsiveness, and maintainability.",marek.pluhacek@seznam.cz,,,,,,,,,,,,,,,,,
Dohnalová Eliška MUDr.,https://www.rovnatkaolomouc.cz/o-nas/,2,Webnode,"#FFFFFF, #000000","Hlavní slabinou je extrémně zastaralá a nesémantická HTML struktura, která pro layout masivně používá pevnou mezeru (&nbsp;) a hluboce zanořené, často prázdné tagy, což web činí neudržovatelným, nereagujícím a nepřístupným.",,,,,,,,,,,,,,,,,,
Dentální hygiena Olomouc - Aura Dent,http://www.auradent.cz/,2,WordPress 6.9.1,"#EDA692, #1B3A3A, #FFFFFF","Přehled cen dentální hygieny není vidět přímo na úvodní stránce, je schovaný na podstránce Ceník.",info@auradent.cz,,,,,,,,,,,,,,,,,
"DENTIA Olomouc, spol s.r.o.",https://www.dentia-olomouc.cz/,2,Webnode,"#ffffff, #000000, #e5e5e5","Zastaralý design a struktura založená na tabulkách brání responzivitě, přístupnosti a moderní uživatelské zkušenosti.",,,,,,,,,,,,,,,,,,
"Klinika ústní, čelistní a obličejové chirurgie",http://www.fnol.cz/,2,Vlastní/proprietární redakční systém nemocnice (bez veřejně rozpoznatelného CMS),"#1B75BC, #E30613, #FFFFFF","Konkrétní pracoviště (Klinika ústní, čelistní a obličejové chirurgie) je obtížné dohledat mezi obecnou navigací celé nemocnice.",info@fnol.cz,,,,,,,,,,,,,,,,,
Welldent - dentální a estetické centrum Zlín,http://www.welldent.cz/,2,"WordPress (verze skryta, bez generator meta tagu)","#C9A85C, #FFFFFF, #2B2B2B",V navigaci se objevuje anglické slovo 'More' uprostřed jinak plně českého menu.,info@welldent.cz,,,,,,,,,,,,,,,,,
UNIDENT - stomatologické centrum,http://www.unident.cz/,2,"Vlastní kód, bez rozpoznatelného CMS","#1E3A8A, #FFFFFF, #F5F6FA","V kódu stránky je patrně zapomenutý placeholder e-mail 'jan.novak@email.cz', což naznačuje nedokončenou úpravu šablony.",recepce@unident.cz,,,,,,,,,,,,,,,,,
MUDr. Pavel Michalík,http://ortodoncie-zlin.cz/,2,"Vlastní kód, bez rozpoznatelného CMS","#1B7A94, #1A2B3C, #FFFFFF","Hned po načtení se zobrazí modální okno přes celou obrazovku, které nejde zavřít kliknutím na křížek (jen klávesou Escape).",info@ortodoncie-zlin.cz,,,,,,,,,,,,,,,,,
Šenovská Ivana MUDr.,https://www.znamylekar.cz/ivana-senovska/ortodontista/uhersky-brod,2,"HTML5, pravděpodobně CMS/portálový systém (ZnamyLekar.cz)","#e5e5e5, #FFFFFF, #333333","Hlavní slabinou jsou převažující velmi negativní recenze pacientů, které popisují extrémně dlouhé čekací doby, neprofesionální přístup personálu a neuspokojivé výsledky léčby.",,,,,,,,,,,,,,,,,,
Welldent Care,https://welldent-care.cz/,2,Plain HTML5,"#000000, #FFFFFF, #0000EE","The website entirely lacks any visual design, modern layout, and proper information hierarchy, resulting in a primitive and unengaging user experience.",zuzana@welldent-care.cz,,,,,,,,,,,,,,,,,
Rovnátka Zlín,https://www.ortodonciezlin.cz/kontakt/,2,"Plain HTML5, Inline CSS","#fff, #727272, #0164c4, #e45112, #e7e7e7","The primary weakness lies in its severely outdated technical implementation, marked by extensive inline styling, the absence of a meta viewport, hardcoded dynamic content, and an overall lack of modern web development practices crucial for responsiveness and maintainability.",ortodoncie@ortodonciezlin.cz,,,,,,,,,,,,,,,,,
Mudr. Milena Dostálková,https://oteviracka.cz/detail/mudr-milena-dostalkova-zlin-koterova-prakticka-lekarka-pro-dospele/,2,"Pouze základní HTML 4.01 Strict, bez CSS a JavaScriptu, s tabulkovým layoutem.","#000000, #FFFFFF, #0000FF","Hlavní slabinou je naprostá absence moderního designu, responzivity a použití zastaralých HTML praktik pro layout, což vede k neprofesionálnímu vzhledu a špatné uživatelské zkušenosti.",dostalkovam@seznam.cz,,,,,,,,,,,,,,,,,
Zubní Lékař Burová Kamila MUDr.,https://www.znamylekar.cz/libuse-sirotova/zubar/karvina,2,"Moderní frontendový JS framework (pravděpodobně React nebo Vue) s CSS Modules, hostováno na platformě ZnamyLekar.cz","#00A2FF, #333333, #FFFFFF","Převážně negativní recenze pacientů a chybějící podrobné informace o službách a ceníku od samotného zubaře, což vytváří velmi špatný dojem.",,,,,,,,,,,,,,,,,,
Zubníček Karviná - ordinace dentální hygieny,http://zubnicekkarvina.cz/,2,WordPress 7.0.2 (moderni blokovy theme),"#2B2420, #A0603F, #F2F1EE","Chybi primo zobrazene telefonni cislo v hlavicce, kontakt je jen pres tlacitko Objednat se.",zubnicekkarvina@seznam.cz,,,,,,,,,,,,,,,,,
Fordent s.r.o.,https://fordent.cz/,2,"HTML 4.01 Transitional, basic CSS",,"Hlavní slabinou je extrémně zastaralá HTML 4.01 Transitional struktura s hluboce vnořenými divy pro layout, která zásadně omezuje responzivitu, udržitelnost a přístupnost webu.",info@fordent.cz,,,,,,,,,,,,,,,,,
MUDr. Zdeněk Grünwald,https://oteviracka.cz/detail/mudr-zdenek-grunwald-blansko-sadova-prakticky-lekar-pro-dospele/,2,"Základní HTML5, bez externího CSS nebo JavaScriptu. Web je pravděpodobně generován jako záznam adresářové služby (oteviracka.cz).","#000000, #FFFFFF, #CCCCCC","Hlavní slabinou je naprostá absence moderního designu, vizuální identity a responzivity, což ji degraduje na pouhý adresářový záznam bez funkcí moderní webové prezentace.",zgrunwald@seznam.cz,,,,,,,,,,,,,,,,,
MUDr. Pavel Doležel - Pediatrie,https://oteviracka.cz/detail/mudr-pavel-dolezel-blansko-vodni-prakticky-lekar-pro-deti-a-dorost/,2,HTML,"#000000, #FFFFFF, #0000EE","The website's primary weakness is its extremely outdated design and structure, leading to poor user experience and a complete lack of modern web practices like responsiveness or visual styling.",mudr.dolezel.ordinace@seznam.cz,,,,,,,,,,,,,,,,,
MUDr. Ondrová Lydie,https://oteviracka.cz/detail/mudr-lydie-ondrova-tabor-jeronymova-zubni-ordinace/,2,oteviracka.cz platform (HTML/CSS),,"Hlavní slabinou webu je extrémně zastaralý design a nedostatek responzivity, což výrazně zhoršuje uživatelský zážitek na moderních zařízeních.",mudr.ondrova@seznam.cz,,,,,,,,,,,,,,,,,
MUDr. Jakub Fousek,https://fousekclinic.cz/,2,Elementor (WordPress page builder),"#1A2B4C, #F8F8F8, #333333","The most significant weakness is the extreme and illogical duplication of nearly all text content, rendering the page unreadable and severely harming user experience and SEO.",,,,,,,,,,,,,,,,,,
Zubní Lékař Kučerová Vlasta MUDr.,https://www.poliklinikasever.cz/mudr-kucerova-vlasta-prakticky-zubni-lekar-mamia-cb-s-r-o-mddr-soukupova-marketa,2,"HTML, CSS","#000000, #FFFFFF, #0000EE","Webová stránka používá extrémně zastaralou HTML strukturu, která pravděpodobně spoléhá na tabulky pro rozložení (jak naznačuje poznámka v patičce), což výrazně zhoršuje responzivitu, udržovatelnost a přístupnost.",kucerova.zubni@seznam.cz,,,,,,,,,,,,,,,,,
Sádlo Jaroslav MUDr.,https://oteviracka.cz/detail/mudr-jaroslav-sadlo-strakonice-spojaru-zubni-ordinace/,2,"HTML, inline/embedded CSS","#333333, #F4F4F4, #0056B3, #FFFFFF, #DDDDDD, #EEEEEE, #777777","The primary weakness is its severely outdated design, reliance on table-based layouts, and lack of responsiveness, leading to a poor user experience.",sadlovi@seznam.cz,,,,,,,,,,,,,,,,,
MUDr. Vít Ryšavý,https://www.strakonak.cz/provozovna-691-mudr-vit-rysavy/,2,Custom CMS (Strakoňák.cz v3.0),"#000000, #FFFFFF, #0000FF","Nedostatečná vizuální struktura, špatná čitelnost a nepřehledné smíchání informací o ordinaci s irelevantními lokálními zprávami a reklamou.",,,,,,,,,,,,,,,,,,
Poliklinika Strakonice S.r.o.,https://www.strakonak.cz/firmy/ordinace/,2,Basic HTML/Legacy CMS (STRAKOŇÁK.CZ v3.0),,"The website exhibits extreme visual clutter, a lack of clear information hierarchy, and an outdated design, making it exceptionally difficult for users to navigate and quickly locate specific dental or other medical practice information amidst other business listings.",,,,,,,,,,,,,,,,,,
BáRa Dent Strakonice s.r.o.,https://oteviracka.cz/detail/bara-dent-strakonice/,2,HTML 4.01 Transitional,"#000000, #FFFFFF, #0000FF","Hlavní slabinou je extrémně zastaralý design, absence responzivity a nedostatečná vizuální atraktivita, což významně snižuje uživatelskou přívětivost a profesionální dojem.",baradent@seznam.cz,,,,,,,,,,,,,,,,,
Smile Centrum Holešovice - Zubní ordinace Praha 8,https://smilecentrum.cz/kontakt/sc-holesovice,2,Custom HTML/CSS/JS (základní implementace),,"Extrémně přeplněný a nesémantický HTML kód s obrovským množstvím prázdných divů a br tagů, což zhoršuje čitelnost, udržovatelnost, výkon, SEO i přístupnost.",sc.holesovice2025@gmail.com,,,,,,,,,,,,,,,,,
Štefka Martin MUDr.,http://medivize.cz/,1,"Statické HTML tabulky, žádné CSS ani CMS","#F5C400, #000000, #FFFFFF","Web používá pouze staré HTML tabulky bez jakéhokoliv CSS stylování, není responzivní a působí jako ze začátku internetu",,,,,,,,,,,,,,,,,,
Zubní Lékař Štefková Marta MUDr.,http://www.medivize.cz/,1,"Statické HTML tabulky, žádné CSS ani CMS (stejný web jako Medivize.cz)","#F5C400, #000000, #FFFFFF",Stejný zastaralý web bez CSS jako u řádku Medivize - žádná responzivita ani moderní vzhled,,,,,,,,,,,,,,,,,,
MUDr. Sylva Matulíková,https://rovnatkazlin.cz/,1,Basic HTML,,"Hlavní slabinou je naprostá absence vizuálního designu, struktury a navigace, což web činí nepřehledným a neprofesionálním.",,,,,,,,,,,,,,,,,,
"Helmardent, S.r.o.",https://m.facebook.com/1527137424176972/,1,Detekce nepodporovaného prohlížeče pro Facebook.,"N/A_žádná_vizuální_data, N/A_žádná_vizuální_data, N/A_žádná_vizuální_data","Poskytnutý vstup není HTML kód webové stránky zubaře, nýbrž chybová zpráva Facebooku, což znemožňuje jakoukoli analýzu designu.",,,,,,,,,,,,,,,,,,
MUDr. Vladimír Dudek,https://mudr-dudek-vladimir.katalog-stomatologu.cz/,1,"Nebylo možné určit, poskytnutý kód '[object Object]' není platný HTML a neobsahuje žádné technologické stopy.",,"Hlavní slabinou je, že pro analýzu nebyl poskytnut žádný platný HTML kód webové stránky, ale placeholder '[object Object]', což znemožňuje jakékoli hodnocení obsahu, designu, barev nebo technologií pro redesign.",,,,,,,,,,,,,,,,,,
MUDr. Kateřina Wichrová Bánovcová,https://www.mudrbanovcova.cz/,1,"HTML, CSS, JavaScript (pro verifikační logiku)","#F2F2F2, #FFFFFF, #666666, #333333, #CC0000, #007BFF","Hlavní slabinou pro účely redesignu zubařského webu je, že poskytnutý HTML kód představuje anti-robotickou verifikační stránku a nikoli samotný obsah zubařské webové stránky, což znemožňuje analýzu designu a obsahu pro zubaře.",,,,,,,,,,,,,,,,,,
Batelová Iva MDDr.,https://www.zlatestranky.cz/profil/H1761429,1,Neznámá (neplatný vstup),,"Nebyl poskytnut platný HTML kód pro analýzu webu, místo toho byl zadán `[object Object]`.",,,,,,,,,,,,,,,,,,
Lékařský dům Géčko,https://lekarskydumgecko.cz/,1,WordPress,"#000000, #0000FF, #FFFFFF","Hlavní slabinou je masivní a naprosto irelevantní obsah týkající se online kasin a hazardních her, který zcela podkopává důvěryhodnost a účel webové stránky lékařského zařízení.",,,,,,,,,,,,,,,,,,
MUDr. Sádlová Lýdie - Pulsgyn s.r.o.,https://www.gynekologiestrakonice.cz/,1,"HTML5, JavaScript (explicitně vyžadováno pro funkčnost), základní formulářové prvky","#333333, #FFFFFF, #007bff","Poskytnutý HTML kód představuje pouze ověřovací stránku (CAPTCHA) a neobsahuje žádný skutečný obsah ani strukturu webové stránky zubaře, což znemožňuje jakoukoli smysluplnou analýzu pro redesign.",gynekologiestrakonice@seznam.cz,,,,,,,,,,,,,,,,,
MUDr. Václav Přikryl - Zubní ordinace,https://mudr-vaclav-prikryl.katalog-stomatologu.cz/,0,Neznámá (HTML kód nebyl poskytnut k analýze),,"Nelze provést analýzu webové stránky, protože nebyl poskytnut žádný platný HTML kód (bylo zadáno [object Object]).",,,,,,,,,,,,,,,,,,
Zubní Lékař Vlniešková Věra MUDr.,https://mudr-vera-vlnieskova.katalog-stomatologu.cz/,0,N/A,,"Poskytnutý vstup 'object Object' není platný HTML kód, proto nelze provést analýzu webové stránky zubaře.",,,,,,,,,,,,,,,,,,
Zubní ordinace MUDr. Jindřich Dolanský,https://www.ssrz.cz/,,,,,,,,,,,,,,,,,,,,,,
Lege Artis stomatologie - Dr. Mykhyalo Zhuk - Havířov,https://lege-artis.cz/,,,,,,,,,,,,,,,,,,,,,,
MUDr. Žaludová Lucie,http://www.laser32.cz/,,,,,,,,,,,,,,,,,,,,,,
MUDr. Lubomír Vala - NOVÉ PACIENTY NEPŘIJÍMÁME,http://mudr-lubomir-vala.katalog-stomatologu.cz/,,,,,,,,,,,,,,,,,,,,,,
YES dent sro,https://www.yesdent.cz/kontakt/,,,,,,,,,,,,,,,,,,,,,,
Nemocnice AGEL Jeseník a.s.,https://nemocnicejesenik.agel.cz/,,,,,,,,,,,,,,,,,,,,,,
Kozák-Dental s.r.o.,http://www.kozak-dental.cz/,,,,,,,,,,,,,,,,,,,,,,
MUDr. Magdalena Uhrínová,http://mudr-magdalena-smolejova.katalog-stomatologu.cz/,,,,,,,,,,,,,,,,,,,,,,
Stomapoint s.r.o.,http://www.stomapoint.cz/,,,,,,,,,,,,,,,,,,,,,,
F-Centrum (Zubní Ordinace + pohotovost + Gynekolog),http://www.fcentrum.cz/,,,,,,,,,,,,,,,,,,,,,,
Pvdentalstudio s.r.o.,http://www.pvdentals.cz/,,,,,,,,,,,,,,,,,,,,,,
stomatologie Denton,http://stomatologie-denton.cz/,,,,,,,,,,,,,,,,,,,,,,
Golian Miloš MUDr.,http://www.zubnilekar-golian.cz/,,,,,,,,,,,,,,,,,,,,,,
"Stomasmart s.r.o., zubní praxe",http://stomasmart.cz/,,,,,,,,,,,,,,,,,,,,,,
"Ortodoncie MDDr. Kateřina Rošková, Ph.D. (Mazurová)",http://www.ortodoncieprostejov.cz/,,,,,,,,,,,,,,,,,,,,,,
Stomatologická ambulance MUDr. Macháčková Monika / MUDr. Páleníková Andrea,http://www.mmmdent.webnode.cz/,,,,,,,,,,,,,,,,,,,,,,
Dentální hygiena Rosenberg,http://www.dh-rosenberg.cz/,,,,,,,,,,,,,,,,,,,,,,
Nemocnice AGEL Prostějov,http://nemocniceprostejov.agel.cz/,,,,,,,,,,,,,,,,,,,,,,
"Novotná Marta, MUDr.",http://www.prostejov-rovnatka.cz/,,,,,,,,,,,,,,,,,,,,,,
"Ortodontická ordinace ,MUDr. Šárka Süssová",http://www.rovnatka-kurim.cz/,,,,,,,,,,,,,,,,,,,,,,
DENTALIS Bohemia sro,http://www.dentalis.cz/,,,,,,,,,,,,,,,,,,,,,,
Hodný zubař s.r.o.,http://www.hodnyzubar.cz/,,,,,,,,,,,,,,,,,,,,,,
MUDr. Helena Piškulová - Zubní lékař,http://mudr-piskulova-helena.katalog-stomatologu.cz/,,,,,,,,,,,,,,,,,,,,,,
Podolská Jana MUDr.,https://www.xn--zubn-ivancice-zib.cz/,,,,,,,,,,,,,,,,,,,,,,
Zubní péče Blansko s.r.o.,http://zubnipeceblansko.cz/,,,,,,,,,,,,,,,,,,,,,,
MUDr. Milan Stojanov,http://www.fordent.cz/,,,,,,,,,,,,,,,,,,,,,,
DiS. Klára Sáňková- ordinace dentální hygieny,http://www.dentalnihygienablansko.cz/,,,,,,,,,,,,,,,,,,,,,,
Nemocnice Blansko,http://www.nemobk.cz/,,,,,,,,,,,,,,,,,,,,,,
Eterra s.r.o.,https://www.eterrablansko.proweb.cz/,,,,,,,,,,,,,,,,,,,,,,
Stomamed,http://www.stomamed.cz/,,,,,,,,,,,,,,,,,,,,,,
TáborDent s.r.o.,http://www.tabordent.cz/,,,,,,,,,,,,,,,,,,,,,,
VCT Dent,http://www.vctdent.cz/,,,,,,,,,,,,,,,,,,,,,,
"Zubní centrum Tábor - zubní ordinace, implantáty, dentální hygiena",http://www.facebook.com/zctabor,,,,,,,,,,,,,,,,,,,,,,
Bozadžiev Ilja MUDr.,http://www.bozadziev.cz/,,,,,,,,,,,,,,,,,,,,,,
Stomatologický dům Maredův Vrch,https://www.mudrtejnorova.cz/,,,,,,,,,,,,,,,,,,,,,,
MUDr. Ludmila Makovcová,http://mudr-makovcova-ludmila.katalog-stomatologu.cz/,,,,,,,,,,,,,,,,,,,,,,
MUDr. Eva Tejnorová,http://www.mudrtejnorova.cz/,,,,,,,,,,,,,,,,,,,,,,
Zubní laboratoř Josef Voborník .DiS,http://vobodent.cz/,,,,,,,,,,,,,,,,,,,,,,
"Nemocnice Tábor, a.s.",http://www.nemta.cz/,,,,,,,,,,,,,,,,,,,,,,
Ortodoncie,http://www.drlanda.eu/cs/kontakt,,,,,,,,,,,,,,,,,,,,,,
DentalCare,http://www.dentalcarecb.cz/,,,,,,,,,,,,,,,,,,,,,,
Zubní centrum Roudenská sro,http://zubarceskebudejovice.cz/kontakt,,,,,,,,,,,,,,,,,,,,,,
Estetikdent,http://estetikdent.cz/kontakt,,,,,,,,,,,,,,,,,,,,,,
2D dent s.r.o.,http://www.2d-dent.cz/,,,,,,,,,,,,,,,,,,,,,,
MUDr. Martin Ehrenberger,http://mudr-martin-ehrenberger.katalog-stomatologu.cz/,,,,,,,,,,,,,,,,,,,,,,
FutureDent s.r.o,http://www.futuredent.cz/,,,,,,,,,,,,,,,,,,,,,,
MUDr. Petra Voldánová,http://zubarkavoldanova.cz/,,,,,,,,,,,,,,,,,,,,,,
MDDr.Martina Straková,http://www.strakovaordinace.cz/,,,,,,,,,,,,,,,,,,,,,,
Kováč Tibor MUDr.,http://www.tvujzubar.cz/,,,,,,,,,,,,,,,,,,,,,,
"MUDr. Filip Král, zubní laboratoř",http://www.boi-implantaty.cz/cs/,,,,,,,,,,,,,,,,,,,,,,
Zubní Lékař Jankovská Eva MUDr.,http://www.tjdent.cz/,,,,,,,,,,,,,,,,,,,,,,
DENTAL KLINIK MRÁZ s.r.o.,http://www.dentalklinik.cz/,,,,,,,,,,,,,,,,,,,,,,
Zubní Lékař - MUDr. Kotásek Stanislav,http://mudr-stanislav-kotasek.katalog-stomatologu.cz/,,,,,,,,,,,,,,,,,,,,,,
ČSZ s.r.o.,http://www.ordinace-csz.cz/,,,,,,,,,,,,,,,,,,,,,,
MUDr. Závodský Karel,http://www.kzdent.cz/,,,,,,,,,,,,,,,,,,,,,,
SUMMIT CARE s.r.o.,http://www.summitcare.cz/,,,,,,,,,,,,,,,,,,,,,,
ROVNÁTKA | ORTODONCIE OrtoDUO,http://www.ortoduo.cz/,,,,,,,,,,,,,,,,,,,,,,
Jihočeské implantologické centrum s.r.o.,http://www.implantaty-budejovice.cz/,,,,,,,,,,,,,,,,,,,,,,
Re-Dent s.r.o.,http://www.re-dent.cz/,,,,,,,,,,,,,,,,,,,,,,
MUDr. Filipová Ludmila - Stomatolog,http://mudr-filipova-ludmila.katalog-stomatologu.cz/,,,,,,,,,,,,,,,,,,,,,,
Poliklinika Sever,http://www.poliklinikasever.cz/,,,,,,,,,,,,,,,,,,,,,,
Medical Help,http://medicalhelp.cz/,,,,,,,,,,,,,,,,,,,,,,
Centrum soustředěné péče,http://www.osobnipecekonevova.cz/,,,,,,,,,,,,,,,,,,,,,,
Poliklinika Vltava,http://www.poliklinikavltava.cz/,,,,,,,,,,,,,,,,,,,,,,
Dentální hygiena Lidická 78,http://hygienadentalni.cz/,,,,,,,,,,,,,,,,,,,,,,
Vicenová Libuše MUDr.,https://euc.cz/nase-zarizeni/kliniky/euc-klinika-ceske-budejovice/tym/mudr-libuse-vicenova/?utm_source=eucklinika_cz&utm_medium=redir&utm_campaign=redirections&,,,,,,,,,,,,,,,,,,,,,,
Poliklinika U Tří Lvů,http://poliklinikautrilvu.cz/,,,,,,,,,,,,,,,,,,,,,,
CENTRUM PREVENTIVNÍ MEDICÍNY s.r.o.,https://www.centrumpreventivnimediciny.com/,,,,,,,,,,,,,,,,,,,,,,
Dentální hygiena,http://hygienadentalni.cz/kontakt,,,,,,,,,,,,,,,,,,,,,,
Petra Voldánová,http://zubarkavoldanova.cz/kontakt/,,,,,,,,,,,,,,,,,,,,,,
MGR. MICHALELA GRUBEROVÁ s.r.o.- Dentální hygiena,http://mudr-vera-gruberova.katalog-stomatologu.cz/,,,,,,,,,,,,,,,,,,,,,,
"Nemocnice Strakonice, a.s.",http://www.nemst.eu/,,,,,,,,,,,,,,,,,,,,,,
Gastroenterologická ambulance MUDr. Dušan Poulíček,http://www.gastroamb.cz/,,,,,,,,,,,,,,,,,,,,,,
KissDent,http://www.kissdent.cz/,,,,,,,,,,,,,,,,,,,,,,
"Dentální centrum Podkovka, s.r.o. - zubař Praha 4",http://www.podkovka.cz/,,,,,,,,,,,,,,,,,,,,,,
Dentario - Váš zubař Praha 4,http://www.dentario.cz/,,,,,,,,,,,,,,,,,,,,,,
Zubař - DobrýDent Dental Studio,http://dobrydent.cz/,,,,,,,,,,,,,,,,,,,,,,
Stomatologická klinika Kvalident,http://www.kvalident.cz/,,,,,,,,,,,,,,,,,,,,,,
Sharkdent s.r.o. - Rodinný zubař Praha 4,http://www.sharkdent.cz/,,,,,,,,,,,,,,,,,,,,,,
STYLE DENT,http://styledent.cz/,,,,,,,,,,,,,,,,,,,,,,
Smile Centrum Vinohrady,https://smilecentrum.cz/kontakt/sc-vinohrady,,,,,,,,,,,,,,,,,,,,,,
Milenium Dent | Zubní ordinace Praha | Dental Clinic Prague,http://www.mileniumdent.cz/,,,,,,,,,,,,,,,,,,,,,,
Stomatologická klinika dSmile,https://www.dsmile.cz/,,,,,,,,,,,,,,,,,,,,,,
DENTIO zubní ordinace,http://dentiopraha.cz/,,,,,,,,,,,,,,,,,,,,,,
Dentální centrum Londýnská,https://www.dclondynska.cz/,,,,,,,,,,,,,,,,,,,,,,
The Clinic | Centrum Stomatologie,http://www.theclinic.cz/,,,,,,,,,,,,,,,,,,,,,,
Zubní centrum MUDr. Jakuba Smrčka,http://www.zuby-smrcek.cz/,,,,,,,,,,,,,,,,,,,,,,
MOJEZUBY s.r.o.- zubní ordinace Praha 3,http://www.mojezuby.cz/,,,,,,,,,,,,,,,,,,,,,,
Stomatologie Budějovická,https://www.stomatologiebudejovicka.cz/,,,,,,,,,,,,,,,,,,,,,,
Artstom s.r.o.,https://www.artstom.cz/,,,,,,,,,,,,,,,,,,,,,,
RABAHDENT s.r.o.,http://www.rabahdent.eu/,,,,,,,,,,,,,,,,,,,,,,
Stomatologická klinika Lazurit,https://www.klinikalazurit.cz/,,,,,,,,,,,,,,,,,,,,,,
"Stomatologie Praha, S.r.o.",https://www.stomatologiepraha.com/,,,,,,,,,,,,,,,,,,,,,,
Zubní Centrum Dentisto,https://www.dentisto.cz/,,,,,,,,,,,,,,,,,,,,,,
Stomatologie Letná,http://www.stomatologie-letna.cz/,,,,,,,,,,,,,,,,,,,,,,
Dentispot s.r.o.,https://www.dentispot.cz/,,,,,,,,,,,,,,,,,,,,,,
ProMag Dental s.r.o,https://zubni-lekar-praha.cz/,,,,,,,,,,,,,,,,,,,,,,
MALO CLINIC Prague,https://maloclinics.cz/,,,,,,,,,,,,,,,,,,,,,,
MediDent,http://www.medident.cz/,,,,,,,,,,,,,,,,,,,,,,
VM-Dent,https://vm-dent.cz/,,,,,,,,,,,,,,,,,,,,,,
Astella s.r.o. | Zubní ordinace Praha 8,https://www.astella.cz/,,,,,,,,,,,,,,,,,,,,,,
Zubní Ordinace Acedental – Praha 7 Holešovice,http://acedental.cz/,,,,,,,,,,,,,,,,,,,,,,
Zubní ordinace SmějSe,https://smejse.com/,,,,,,,,,,,,,,,,,,,,,,
Stomatologické Centrum Praha s.r.o.,http://www.stomacentrum.cz/,,,,,,,,,,,,,,,,,,,,,,
Zubní poliklinika DKI Vratislavova,http://dki.cz/,,,,,,,,,,,,,,,,,,,,,,
Zubní klinika FAdent,http://www.fadent.cz/,,,,,,,,,,,,,,,,,,,,,,
Smart Care - zubní klinika a Ortodoncie,http://www.smart-care.cz/,,,,,,,,,,,,,,,,,,,,,,
Manhartova ZUBÁRNA,http://www.manhartovazubarna.cz/,,,,,,,,,,,,,,,,,,,,,,
Smile Centrum Břevnov - Zubní ordinace Praha 6,https://smilecentrum.cz/kontakt/smile-centrum-brevnov,,,,,,,,,,,,,,,,,,,,,,
Dent Eliášova,https://www.denteliasova.cz/,,,,,,,,,,,,,,,,,,,,,,
Zubní Ordinace Sofident,http://www.sofident.cz/,,,,,,,,,,,,,,,,,,,,,,
FineDent Soukromá zubní klinika,http://www.finedent.cz/,,,,,,,,,,,,,,,,,,,,,,
MDDr. Boris Vasilev,http://dentalnarodni.cz/,,,,,,,,,,,,,,,,,,,,,,
Balcerová Alena MUDr.,http://balcerova.zubarprovas.cz/,,,,,,,,,,,,,,,,,,,,,,
Zubní ambulance. Kosmetologie.,https://confidental.cz/,,,,,,,,,,,,,,,,,,,,,,
Dentální centrum Rosmarin,https://www.dcrosmarin.cz/,,,,,,,,,,,,,,,,,,,,,,
MS Dent - Zubní Ordinace,https://www.msdent.cz/,,,,,,,,,,,,,,,,,,,,,,
CDC zubní klinika,https://www.cdc-klinika.cz/,,,,,,,,,,,,,,,,,,,,,,
Zubní ordinace Oblouková,http://www.obloukova.cz/,,,,,,,,,,,,,,,,,,,,,,
"PROFIDENTAL Prague EU s.r.o. - MUDr. Zuzana Juřinová, MDDr. Klára Almiron",http://mudr-zuzana-jurinova.katalog-stomatologu.cz/,,,,,,,,,,,,,,,,,,,,,,
Zolárek,http://www.dczolarek.cz/,,,,,,,,,,,,,,,,,,,,,,
Stomatologie Vyhlídka,http://www.stomatologievyhlidka.cz/,,,,,,,,,,,,,,,,,,,,,,
"Zubní Lékař Horešovský Mudr., Mašek MUDr. S.r.o.",https://www.znamylekar.cz/miroslav-horesovsky/zubar/praha,,,,,,,,,,,,,,,,,,,,,,
Zubní ordinace Nad Studánkou,http://www.prahazubar.cz/,,,,,,,,,,,,,,,,,,,,,,
Ludana s.r.o.,http://ludana.katalog-stomatologu.cz/,,,,,,,,,,,,,,,,,,,,,,
DENT MEDICO,http://www.dentmedico.cz/,,,,,,,,,,,,,,,,,,,,,,
Centrum zubní péče Černá Labuť,http://www.profizuby.cz/,,,,,,,,,,,,,,,,,,,,,,
SunnyDent s.r.o,http://www.sunnydent.cz/,,,,,,,,,,,,,,,,,,,,,,
Zubní centrum OK-dent s.r.o.,http://ok-dent.cz/,,,,,,,,,,,,,,,,,,,,,,
DENTA-VITA s.r.o.,https://denta-vita.clinic/,,,,,,,,,,,,,,,,,,,,,,
"PERLAN DENTAL CLINIC, s.r.o.",https://praha.dental/cs/,,,,,,,,,,,,,,,,,,,,,,
Clinic Familydents.r.o.,http://www.familydent.cz/,,,,,,,,,,,,,,,,,,,,,,
MUDr. Ladislav Česnek,http://www.cesnekzubar.com/,,,,,,,,,,,,,,,,,,,,,,
Urbánek s.r.o.,http://www.zubni-praha.cz/,,,,,,,,,,,,,,,,,,,,,,
Schill Dental Clinic Praha,http://www.schill.cz/,,,,,,,,,,,,,,,,,,,,,,
Puredent - Privátní zubní praxe a centrum dentální hygieny,http://www.puredent.cz/,,,,,,,,,,,,,,,,,,,,,,
SMILLE Dental Clinic,http://smille.cz/,,,,,,,,,,,,,,,,,,,,,,
"AM Dent Praha, s.r.o. − MUDr. Miroslava Andrašovičová soukromá estetická stomatologie Praha",http://www.amdent.cz/,,,,,,,,,,,,,,,,,,,,,,
MDDr. David Přikryl,https://oteviracka.cz/detail/mddr-david-prikryl-praha-dejvice-zelena-zubni-ordinace/,,,,,,,,,,,,,,,,,,,,,,
Zubní lékař MARYANA KOVALCHUK - Holistic Denta and Physio Centre s.r.o,https://www.znamylekar.cz/maryana-kovalchuk/zubar/praha?address-id=139904#address-id=%5B139904%5D&filters%5Bspecializations%5D%5B%5D=40,,,,,,,,,,,,,,,,,,,,,,
PREVENT Dental Care s.r.o.,http://www.preventdc.cz/,,,,,,,,,,,,,,,,,,,,,,
"Zubní lékaři s.r.o., MDDr. Kateřina Malcová",https://zubnilekari.com/,,,,,,,,,,,,,,,,,,,,,,
Tichý zubař s.r.o.,http://www.tichy-zubar.cz/,,,,,,,,,,,,,,,,,,,,,,
"Zubní klinika Sanadent, s.r.o., MDDr. Sládková",https://www.pavlahabartova.cz/,,,,,,,,,,,,,,,,,,,,,,
Ivana Kostelková,http://www.centrum-zubni-pece.eu/,,,,,,,,,,,,,,,,,,,,,,
DentEye - Soukromá zubní a oční klinika,http://www.denteye.cz/,,,,,,,,,,,,,,,,,,,,,,
Zubní Vršovická s.r.o. MDDr. Veronika Holanová,http://www.zubnivrsovicka.cz/,,,,,,,,,,,,,,,,,,,,,,
Zubní ordinace - MUDr. Jiřina Čechmánková,http://www.zubarordinace.cz/,,,,,,,,,,,,,,,,,,,,,,
"MUDr. Josef Stránský, stomatologie",http://stomatologie-stransky.cz/,,,,,,,,,,,,,,,,,,,,,,
Hardent - dentální hygienistka,http://www.hardent.cz/,,,,,,,,,,,,,,,,,,,,,,
Zubní ordinace Praha 3 Řízek Jan MUDr.,http://www.simplydental.cz/index.php/kontakt,,,,,,,,,,,,,,,,,,,,,,
Vodička Michal MUDr.,http://www.zubniordinace-praha4.cz/,,,,,,,,,,,,,,,,,,,,,,
DOTDENT s.r.o. Dětská zubní ordinace MDDr. Dominika Táborská,https://www.dotdent.cz/,,,,,,,,,,,,,,,,,,,,,,
Zubní Pohotovost,http://www.prahamp.cz/,,,,,,,,,,,,,,,,,,,,,,
zubní ordinace Lopatka,http://www.zubarlopatka.cz/,,,,,,,,,,,,,,,,,,,,,,
Dentaris Praha s.r.o. - Basel Azar DDS. MSc. Ph.D.,https://www.dentarispraha.cz/,,,,,,,,,,,,,,,,,,,,,,
"12 Let zubní ordinace Praha 10 Hostivař, MUDr. Fingerhútt Robin",http://www.zubybezkazu.cz/,,,,,,,,,,,,,,,,,,,,,,
Stomatologie Osmička,http://www.stomatologie8.cz/,,,,,,,,,,,,,,,,,,,,,,
Dentální hygiena - ZUBYZU,https://www.zubyzu.cz/,,,,,,,,,,,,,,,,,,,,,,
Lunident s.r.o.,http://www.lunident.cz/,,,,,,,,,,,,,,,,,,,,,,
Zubní ordinace MUDr. Erika Lenčová,http://www.erikalencova.cz/,,,,,,,,,,,,,,,,,,,,,,
Zubní ordinace MDDr. Ondřej Šváb,https://zubnidrsvab.wordpress.com/,,,,,,,,,,,,,,,,,,,,,,
Zubní lékaři s.r.o. - MDDr. Dan Ulmann,http://www.zubnilekari.com/,,,,,,,,,,,,,,,,,,,,,,
Stomatologie Bílý Zub - Hradešínská - Praha,http://bilyzub.cz/,,,,,,,,,,,,,,,,,,,,,,
MUDr. Ivana Klimešová praktický zubní lékař Praha 1,http://www.doktorka-klimesova.cz/,,,,,,,,,,,,,,,,,,,,,,
MUDr. Blanka ŠUKOVÁ - stomatologie,http://mudr-blanka-sukova.katalog-stomatologu.cz/,,,,,,,,,,,,,,,,,,,,,,
MUDr. Radmila Černá,https://oteviracka.cz/detail/mudr-radmila-cerna-praha-holesovice-frantiska-krizka-zubni-ordinace/,,,,,,,,,,,,,,,,,,,,,,
2MV zuby s.r.o.,https://www.2mvzuby.cz/,,,,,,,,,,,,,,,,,,,,,,
MUDr. Ditta Czolková - Zubní lékařka,http://www.czolkova.cz/,,,,,,,,,,,,,,,,,,,,,,
MUDr. Lenka Krátká - Zubní ordinace Praha 4 (Nepřijimáme nové pacienty),http://mudr-lenka-kratka.katalog-stomatologu.cz/,,,,,,,,,,,,,,,,,,,,,,
VAŠE ZUBNÍ CENTRUM s.r.o.,http://www.vasezubnicentrum.cz/,,,,,,,,,,,,,,,,,,,,,,
Enta Dent s.r.o.,http://www.entadent.cz/,,,,,,,,,,,,,,,,,,,,,,
"Bechynský Martin MUDr., Zubní Lékař",https://www.znamylekar.cz/martin-bechynsky/zubar/usti-nad-labem,,,,,,,,,,,,,,,,,,,,,,
"Medent, s.r.o.",https://www.medent.cz/,,,,,,,,,,,,,,,,,,,,,,
Stomaservis s.r.o.,http://stomaservis.cz/,,,,,,,,,,,,,,,,,,,,,,
Zubní Klinika Vozniakovych,https://www.zubniklinikavozniakovych.cz/,,,,,,,,,,,,,,,,,,,,,,
Dentální studio s.r.o.,http://www.dentalnistudio.cz/,,,,,,,,,,,,,,,,,,,,,,
JR Stomatologie,https://dentistkausti.weebly.com/,,,,,,,,,,,,,,,,,,,,,,
DENTIDO s.r.o. | MDDr. Tereza Rytířová | stomatologie - biorezonance,http://www.dentido.cz/,,,,,,,,,,,,,,,,,,,,,,
City Dental Klinik,http://www.citydentalklinik.cz/,,,,,,,,,,,,,,,,,,,,,,
"MUDr. Martin Konschill, Vojtěch Konschill, DiS.",http://mudr-konschill-martin.katalog-stomatologu.cz/,,,,,,,,,,,,,,,,,,,,,,
Zubní klinika DKI Ústí nad Labem,https://stomatologie.dki.cz/,,,,,,,,,,,,,,,,,,,,,,
Tomadental s.r.o.,https://www.tomadental.cz/,,,,,,,,,,,,,,,,,,,,,,
32 Dent,https://32dent.cz/,,,,,,,,,,,,,,,,,,,,,,
"Vivodent s,r,o.",https://vivodent.cz/,,,,,,,,,,,,,,,,,,,,,,
dent-ul.cz,https://www.dent-ul.cz/,,,,,,,,,,,,,,,,,,,,,,
Dentální hygiena Ústí nad Labem Dental-Adel,http://www.dental-adel.cz/,,,,,,,,,,,,,,,,,,,,,,
Dentální hygiena - Vojtěch Konschill DiS.,http://www.dentalnihygiena-usti.cz/,,,,,,,,,,,,,,,,,,,,,,
Charisma Dental s.r.o.,http://charismadental.cz/,,,,,,,,,,,,,,,,,,,,,,
MUDr. Veronika Pospíšilová,https://zubnipospisilova.cz/,,,,,,,,,,,,,,,,,,,,,,
Medent S.r.o.,https://www.medent.cz/,,,,,,,,,,,,,,,,,,,,,,
MUDr. Blanka Buňová,https://www.znamylekar.cz/blanka-bunova/zubar/usti-nad-labem,,,,,,,,,,,,,,,,,,,,,,
EUC Klinika Ústí nad Labem,https://euc.cz/nase-zarizeni/kliniky/euc-klinika-usti-nad-labem/,,,,,,,,,,,,,,,,,,,,,,
DrFit - Ústí nad Labem,https://www.drfit.cz/usti-nad-labem/,,,,,,,,,,,,,,,,,,,,,,
Zoubek s.r.o.,http://www.zoubeksro.cz/,,,,,,,,,,,,,,,,,,,,,,
MUDr. Ivana Jakabčinová,https://mediqservices.cz/,,,,,,,,,,,,,,,,,,,,,,
Ortodoncie MUDr. Petr Vinš,http://www.ortovin.cz/,,,,,,,,,,,,,,,,,,,,,,
MUDr. Minaříková Jana,http://mudr-minarikova.cz/,,,,,,,,,,,,,,,,,,,,,,
Fyziodiagnostika S.r.o.,https://fyziodiagnostika-s-r-o.reservio.com/,,,,,,,,,,,,,,,,,,,,,,
MUDr. Dagmar Harapátová,https://www.znamylekar.cz/dagmar-harapatova/zubar/usti-nad-labem,,,,,,,,,,,,,,,,,,,,,,
Medusa-Orto,http://www.medusa-orto.cz/,,,,,,,,,,,,,,,,,,,,,,
"Krajská zdravotní, a.s. - Masarykova nemocnice v Ústí nad Labem, o.z.",http://www.kzcr.eu/cz/ul,,,,,,,,,,,,,,,,,,,,,,
"Imura, s.r.o.",http://www.alergologie-ul.cz/,,,,,,,,,,,,,,,,,,,,,,
Zdravotní Středisko Krásné Březno,http://www.orlusti.com/,,,,,,,,,,,,,,,,,,,,,,
MUDr. Lenka Jírová Dragounová,https://www.mudr-jirovadragounova.cz/,,,,,,,,,,,,,,,,,,,,,,
MUDr. Tomáš Schayna,http://www.praktickylekar-usti.cz/,,,,,,,,,,,,,,,,,,,,,,
KARAMED UL s.r.o. MUDr. Zdenka Karamanová,http://www.mudrzdenkakaramanova.cz/,,,,,,,,,,,,,,,,,,,,,,
doktor pro lidi,http://doktorprolidi.cz/,,,,,,,,,,,,,,,,,,,,,,
Centrum zdraví Mariánská,https://www.cz-marianska.cz/,,,,,,,,,,,,,,,,,,,,,,
Bělení zubů,https://belenizubu.com/,,,,,,,,,,,,,,,,,,,,,,
XDENT - Software pro stomatologii a dentální hygienu,http://www.xdent.cz/,,,,,,,,,,,,,,,,,,,,,,
GYNEKOLOGIE TeeS s.r.o.,http://www.teesmedical.cz/,,,,,,,,,,,,,,,,,,,,,,
Dětský A Dorostový Lékař Danielová Marcela MUDr.,http://www.mudrdanielova.cz/,,,,,,,,,,,,,,,,,,,,,,
Pelikán Miroslav MUDr.,https://oteviracka.cz/detail/mudr-miroslav-pelikan-usti-nad-labem-gocarova-rehabilitace/,,,,,,,,,,,,,,,,,,,,,,
Sdružení veterinárních lékařů a služeb Střekov,http://pozivil.sluzby.cz/,,,,,,,,,,,,,,,,,,,,,,
Veterinární Klinika Helion - MVDr. Daniel Petrák,http://www.veterinahelion.cz/,,,,,,,,,,,,,,,,,,,,,,
ORL ordinace - MUDr. Neubauer Roman,http://www.orlusti.com/,,,,,,,,,,,,,,,,,,,,,,
Reality Škutovi,https://www.realityskutovi.cz/?utm_source=business.google.com&utm_medium=organic&utm_campaign=Google-moje-firma,,,,,,,,,,,,,,,,,,,,,,
"Ortotika - Protetika, s.r.o.",http://www.ortotika-protetika.cz/,,,,,,,,,,,,,,,,,,,,,,
DOCTIS Ústí nad Labem,http://www.doctis.cz/,,,,,,,,,,,,,,,,,,,,,,
Emergency,http://www.kzcr.eu/zdravotnicka-pracoviste/emergency.aspx?id=3d260acf-0603-4750-8bfa-56a90a89f984,,,,,,,,,,,,,,,,,,,,,,
CHIRONAX Dental labor s.r.o.,http://www.zubnilaborka.cz/,,,,,,,,,,,,,,,,,,,,,,
MUDr. Martina Grimmová,http://www.alergousti.cz/,,,,,,,,,,,,,,,,,,,,,,
Ústecké Urocentrum,http://www.usteckeurocentrum.cz/,,,,,,,,,,,,,,,,,,,,,,
Masarykova nemocnice - Transfuzní oddělení,http://www.kzcr.eu/cz/cv/pro-pacienty/zdravotnicka-pracoviste/transfuzni,,,,,,,,,,,,,,,,,,,,,,
MOJE AMBULANCE Ústí nad Labem,https://www.mojeambulance.cz/prakticky-lekar-usti-nad-labem,,,,,,,,,,,,,,,,,,,,,,
"Rehabilitace na Skřivánku, s.r.o.",http://rehabilitacenaskrivanku.cz/,,,,,,,,,,,,,,,,,,,,,,
Ord. lékaře specialisty - ORL,https://www.orlusti.cz/,,,,,,,,,,,,,,,,,,,,,,
"Veterina Skřivánek, s.r.o.",http://www.veterinaskrivanek.cz/,,,,,,,,,,,,,,,,,,,,,,
Oční klinika Premium Clinic Ústí nad Labem,https://www.premiumclinic.cz/,,,,,,,,,,,,,,,,,,,,,,
Veterinární klinika a poliklinika - MVDr. Lubomír Vojtek,https://www.veterinavojtek.cz/,,,,,,,,,,,,,,,,,,,,,,
MEDICOM Clinic,https://www.medicomclinic.cz/,,,,,,,,,,,,,,,,,,,,,,
Dr. Max Lékárna,https://www.drmax.cz/lekarny/usti-nad-labem-krusnohorska-3371-2?y_source=1_MjAyMTE5MzEtNzE1LWxvY2F0aW9uLndlYnNpdGU%3D,,,,,,,,,,,,,,,,,,,,,,
Dětská neurologie,http://klubicko.dneuro.cz/index.php/kontakt,,,,,,,,,,,,,,,,,,,,,,
Novortop s.r.o.,http://novortop.cz/,,,,,,,,,,,,,,,,,,,,,,
MUDr. Eva Novotná,http://mudr-eva-novotna.modernilekar.cz/,,,,,,,,,,,,,,,,,,,,,,
"Medest, s.r.o. MUDr. Jelena Vojtková",http://www.jelenavojtkova.cz/,,,,,,,,,,,,,,,,,,,,,,
"Dětská neurologie Ústí nad Labem, s.r.o.",https://detskaneurologieustinadlabem8.webnode.cz/,,,,,,,,,,,,,,,,,,,,,,
ESTETICUSTI s.r.o.,https://www.esteticusti.eu/,,,,,,,,,,,,,,,,,,,,,,
Mariánský most,https://wikip.one/PbgMmx,,,,,,,,,,,,,,,,,,,,,,
"PhDr. Jan Benda, Ph.D.",https://www.jan-benda.com/,,,,,,,,,,,,,,,,,,,,,,
MUDr. Eva Moravcová,http://mudrmoravcova.cz/,,,,,,,,,,,,,,,,,,,,,,
klinika MEDILAX : oční klinika - estetická chirurgie,http://www.medilax.cz/,,,,,,,,,,,,,,,,,,,,,,
MUDr. Pavel Kacerovský - ortopedie s.r.o.,https://www.ortopedie-kacerovsky.cz/,,,,,,,,,,,,,,,,,,,,,,
MUDr. Jana Hrbková,https://oteviracka.cz/detail/mudr-jana-hrbkova-usti-nad-labem-klisska-gynekologie/,,,,,,,,,,,,,,,,,,,,,,
Ostrožlík Tomáš - notář,http://www.notaro.cz/,,,,,,,,,,,,,,,,,,,,,,
Dr.mobil.unl,https://drmobilunl.carrd.co/,,,,,,,,,,,,,,,,,,,,,,
Filimadent,http://www.filimadent.cz/kontakty.php,,,,,,,,,,,,,,,,,,,,,,
MUDr. Naděžda Shorná,http://www.stribrniky.cz/diabetologie,,,,,,,,,,,,,,,,,,,,,,
MUDr. Zuzana Hašková - MUDr. Hašková s.r.o.,https://oteviracka.cz/detail/mudr-zuzana-haskova-usti-nad-labem-varsavska-prakticka-lekarka-pro-dospele/,,,,,,,,,,,,,,,,,,,,,,
MUDr. Pavla Kacerovská - NEUROLOGIE s.r.o. - rádi přijmeme milou sestřičku i v důchodovém věku,https://www.neurologie-usti.cz/,,,,,,,,,,,,,,,,,,,,,,
"Krajská zdravotní, a. s. Budova R",http://www.kzcr.eu/,,,,,,,,,,,,,,,,,,,,,,
Psychiatrické oddělení - Masarykova nemocnice Ústí nad Labem,http://www.kzcr.eu/cz/ul/pro-pacienty/zdravotnicka-pracoviste/psychiatrie#utm_source=mapy.cz&utm_medium=ppd&utm_content=hledani&utm_term=Masarykovy%20nemocnice&utm_campaign=firmy.cz-2566285,,,,,,,,,,,,,,,,,,,,,,
VAŠE ZUBNÍ CENTRUM s.r.o.,http://www.vasezubnicentrum.cz/,,,,,,,,,,,,,,,,,,,,,,
Enta Dent s.r.o.,http://www.entadent.cz/,,,,,,,,,,,,,,,,,,,,,,
"Bechynský Martin MUDr., Zubní Lékař",https://www.znamylekar.cz/martin-bechynsky/zubar/usti-nad-labem,,,,,,,,,,,,,,,,,,,,,,
"Medent, s.r.o.",https://www.medent.cz/,,,,,,,,,,,,,,,,,,,,,,
Stomaservis s.r.o.,http://stomaservis.cz/,,,,,,,,,,,,,,,,,,,,,,
Zubní Klinika Vozniakovych,https://www.zubniklinikavozniakovych.cz/,,,,,,,,,,,,,,,,,,,,,,
Dentální studio s.r.o.,http://www.dentalnistudio.cz/,,,,,,,,,,,,,,,,,,,,,,
JR Stomatologie,https://dentistkausti.weebly.com/,,,,,,,,,,,,,,,,,,,,,,
DENTIDO s.r.o. | MDDr. Tereza Rytířová | stomatologie - biorezonance,http://www.dentido.cz/,,,,,,,,,,,,,,,,,,,,,,
City Dental Klinik,http://www.citydentalklinik.cz/,,,,,,,,,,,,,,,,,,,,,,
"MUDr. Martin Konschill, Vojtěch Konschill, DiS.",http://mudr-konschill-martin.katalog-stomatologu.cz/,,,,,,,,,,,,,,,,,,,,,,
Zubní klinika DKI Ústí nad Labem,https://stomatologie.dki.cz/,,,,,,,,,,,,,,,,,,,,,,
Tomadental s.r.o.,https://www.tomadental.cz/,,,,,,,,,,,,,,,,,,,,,,
32 Dent,https://32dent.cz/,,,,,,,,,,,,,,,,,,,,,,
"Vivodent s,r,o.",https://vivodent.cz/,,,,,,,,,,,,,,,,,,,,,,
dent-ul.cz,https://www.dent-ul.cz/,,,,,,,,,,,,,,,,,,,,,,
Dentální hygiena Ústí nad Labem Dental-Adel,http://www.dental-adel.cz/,,,,,,,,,,,,,,,,,,,,,,
Dentální hygiena - Vojtěch Konschill DiS.,http://www.dentalnihygiena-usti.cz/,,,,,,,,,,,,,,,,,,,,,,
Charisma Dental s.r.o.,http://charismadental.cz/,,,,,,,,,,,,,,,,,,,,,,
MUDr. Veronika Pospíšilová,https://zubnipospisilova.cz/,,,,,,,,,,,,,,,,,,,,,,
Medent S.r.o.,https://www.medent.cz/,,,,,,,,,,,,,,,,,,,,,,
MUDr. Blanka Buňová,https://www.znamylekar.cz/blanka-bunova/zubar/usti-nad-labem,,,,,,,,,,,,,,,,,,,,,,
EUC Klinika Ústí nad Labem,https://euc.cz/nase-zarizeni/kliniky/euc-klinika-usti-nad-labem/,,,,,,,,,,,,,,,,,,,,,,
DrFit - Ústí nad Labem,https://www.drfit.cz/usti-nad-labem/,,,,,,,,,,,,,,,,,,,,,,
Zoubek s.r.o.,http://www.zoubeksro.cz/,,,,,,,,,,,,,,,,,,,,,,
MUDr. Ivana Jakabčinová,https://mediqservices.cz/,,,,,,,,,,,,,,,,,,,,,,
Ortodoncie MUDr. Petr Vinš,http://www.ortovin.cz/,,,,,,,,,,,,,,,,,,,,,,
MUDr. Minaříková Jana,http://mudr-minarikova.cz/,,,,,,,,,,,,,,,,,,,,,,
Fyziodiagnostika S.r.o.,https://fyziodiagnostika-s-r-o.reservio.com/,,,,,,,,,,,,,,,,,,,,,,
MUDr. Dagmar Harapátová,https://www.znamylekar.cz/dagmar-harapatova/zubar/usti-nad-labem,,,,,,,,,,,,,,,,,,,,,,
Medusa-Orto,http://www.medusa-orto.cz/,,,,,,,,,,,,,,,,,,,,,,
"Krajská zdravotní, a.s. - Masarykova nemocnice v Ústí nad Labem, o.z.",http://www.kzcr.eu/cz/ul,,,,,,,,,,,,,,,,,,,,,,
"Imura, s.r.o.",http://www.alergologie-ul.cz/,,,,,,,,,,,,,,,,,,,,,,
Zdravotní Středisko Krásné Březno,http://www.orlusti.com/,,,,,,,,,,,,,,,,,,,,,,
MUDr. Lenka Jírová Dragounová,https://www.mudr-jirovadragounova.cz/,,,,,,,,,,,,,,,,,,,,,,
MUDr. Tomáš Schayna,http://www.praktickylekar-usti.cz/,,,,,,,,,,,,,,,,,,,,,,
KARAMED UL s.r.o. MUDr. Zdenka Karamanová,http://www.mudrzdenkakaramanova.cz/,,,,,,,,,,,,,,,,,,,,,,
doktor pro lidi,http://doktorprolidi.cz/,,,,,,,,,,,,,,,,,,,,,,
Centrum zdraví Mariánská,https://www.cz-marianska.cz/,,,,,,,,,,,,,,,,,,,,,,
Bělení zubů,https://belenizubu.com/,,,,,,,,,,,,,,,,,,,,,,
XDENT - Software pro stomatologii a dentální hygienu,http://www.xdent.cz/,,,,,,,,,,,,,,,,,,,,,,
GYNEKOLOGIE TeeS s.r.o.,http://www.teesmedical.cz/,,,,,,,,,,,,,,,,,,,,,,
Dětský A Dorostový Lékař Danielová Marcela MUDr.,http://www.mudrdanielova.cz/,,,,,,,,,,,,,,,,,,,,,,
Pelikán Miroslav MUDr.,https://oteviracka.cz/detail/mudr-miroslav-pelikan-usti-nad-labem-gocarova-rehabilitace/,,,,,,,,,,,,,,,,,,,,,,
Sdružení veterinárních lékařů a služeb Střekov,http://pozivil.sluzby.cz/,,,,,,,,,,,,,,,,,,,,,,
Veterinární Klinika Helion - MVDr. Daniel Petrák,http://www.veterinahelion.cz/,,,,,,,,,,,,,,,,,,,,,,
ORL ordinace - MUDr. Neubauer Roman,http://www.orlusti.com/,,,,,,,,,,,,,,,,,,,,,,
Reality Škutovi,https://www.realityskutovi.cz/?utm_source=business.google.com&utm_medium=organic&utm_campaign=Google-moje-firma,,,,,,,,,,,,,,,,,,,,,,
DOCTIS Ústí nad Labem,http://www.doctis.cz/,,,,,,,,,,,,,,,,,,,,,,
"Ortotika - Protetika, s.r.o.",http://www.ortotika-protetika.cz/,,,,,,,,,,,,,,,,,,,,,,
Emergency,http://www.kzcr.eu/zdravotnicka-pracoviste/emergency.aspx?id=3d260acf-0603-4750-8bfa-56a90a89f984,,,,,,,,,,,,,,,,,,,,,,
CHIRONAX Dental labor s.r.o.,http://www.zubnilaborka.cz/,,,,,,,,,,,,,,,,,,,,,,
MUDr. Martina Grimmová,http://www.alergousti.cz/,,,,,,,,,,,,,,,,,,,,,,
Ústecké Urocentrum,http://www.usteckeurocentrum.cz/,,,,,,,,,,,,,,,,,,,,,,
Masarykova nemocnice - Transfuzní oddělení,http://www.kzcr.eu/cz/cv/pro-pacienty/zdravotnicka-pracoviste/transfuzni,,,,,,,,,,,,,,,,,,,,,,
MOJE AMBULANCE Ústí nad Labem,https://www.mojeambulance.cz/prakticky-lekar-usti-nad-labem,,,,,,,,,,,,,,,,,,,,,,
"Rehabilitace na Skřivánku, s.r.o.",http://rehabilitacenaskrivanku.cz/,,,,,,,,,,,,,,,,,,,,,,
Ord. lékaře specialisty - ORL,https://www.orlusti.cz/,,,,,,,,,,,,,,,,,,,,,,
"Veterina Skřivánek, s.r.o.",http://www.veterinaskrivanek.cz/,,,,,,,,,,,,,,,,,,,,,,
Oční klinika Premium Clinic Ústí nad Labem,https://www.premiumclinic.cz/,,,,,,,,,,,,,,,,,,,,,,
Veterinární klinika a poliklinika - MVDr. Lubomír Vojtek,https://www.veterinavojtek.cz/,,,,,,,,,,,,,,,,,,,,,,
MEDICOM Clinic,https://www.medicomclinic.cz/,,,,,,,,,,,,,,,,,,,,,,
Dětská neurologie,http://klubicko.dneuro.cz/index.php/kontakt,,,,,,,,,,,,,,,,,,,,,,
Novortop s.r.o.,http://novortop.cz/,,,,,,,,,,,,,,,,,,,,,,
MUDr. Eva Novotná,http://mudr-eva-novotna.modernilekar.cz/,,,,,,,,,,,,,,,,,,,,,,
"Medest, s.r.o. MUDr. Jelena Vojtková",http://www.jelenavojtkova.cz/,,,,,,,,,,,,,,,,,,,,,,
"Dětská neurologie Ústí nad Labem, s.r.o.",https://detskaneurologieustinadlabem8.webnode.cz/,,,,,,,,,,,,,,,,,,,,,,
ESTETICUSTI s.r.o.,https://www.esteticusti.eu/,,,,,,,,,,,,,,,,,,,,,,
Mariánský most,https://wikip.one/PbgMmx,,,,,,,,,,,,,,,,,,,,,,
"PhDr. Jan Benda, Ph.D.",https://www.jan-benda.com/,,,,,,,,,,,,,,,,,,,,,,
MUDr. Eva Moravcová,http://mudrmoravcova.cz/,,,,,,,,,,,,,,,,,,,,,,
klinika MEDILAX : oční klinika - estetická chirurgie,http://www.medilax.cz/,,,,,,,,,,,,,,,,,,,,,,
MUDr. Pavel Kacerovský - ortopedie s.r.o.,https://www.ortopedie-kacerovsky.cz/,,,,,,,,,,,,,,,,,,,,,,
Dr. Max Lékárna,https://www.drmax.cz/lekarny/usti-nad-labem-vseboricka-396-51a?y_source=1_MjAyMTE3ODAtNzE1LWxvY2F0aW9uLndlYnNpdGU%3D,,,,,,,,,,,,,,,,,,,,,,
MUDr. Jana Hrbková,https://oteviracka.cz/detail/mudr-jana-hrbkova-usti-nad-labem-klisska-gynekologie/,,,,,,,,,,,,,,,,,,,,,,
Ostrožlík Tomáš - notář,http://www.notaro.cz/,,,,,,,,,,,,,,,,,,,,,,
Dr.mobil.unl,https://drmobilunl.carrd.co/,,,,,,,,,,,,,,,,,,,,,,
Filimadent,http://www.filimadent.cz/kontakty.php,,,,,,,,,,,,,,,,,,,,,,
MUDr. Naděžda Shorná,http://www.stribrniky.cz/diabetologie,,,,,,,,,,,,,,,,,,,,,,
Dr. Max Lékárna,https://www.drmax.cz/lekarny/usti-nad-labem-bilinska-3490-6?y_source=1_MjAyMTE4MzUtNzE1LWxvY2F0aW9uLndlYnNpdGU%3D,,,,,,,,,,,,,,,,,,,,,,
MUDr. Zuzana Hašková - MUDr. Hašková s.r.o.,https://oteviracka.cz/detail/mudr-zuzana-haskova-usti-nad-labem-varsavska-prakticka-lekarka-pro-dospele/,,,,,,,,,,,,,,,,,,,,,,
MUDr. Pavla Kacerovská - NEUROLOGIE s.r.o. - rádi přijmeme milou sestřičku i v důchodovém věku,https://www.neurologie-usti.cz/,,,,,,,,,,,,,,,,,,,,,,
"Krajská zdravotní, a. s. Budova R",http://www.kzcr.eu/,,,,,,,,,,,,,,,,,,,,,,
MUDr. Petra Denková - Zubní ordinace Plzeň s.r.o. - Nepřijímáme nové pacienty,https://mudr-denkova-petra.katalog-stomatologu.cz/,,,,,,,,,,,,,,,,,,,,,,
Dentica,http://dentica.cz/,,,,,,,,,,,,,,,,,,,,,,
MUDr. Klára Blahutová - zubař Plzeň - NEPŘIJÍMÁME NOVÉ PACIENTY,https://www.zubnilekar-plzenbolevec.cz/,,,,,,,,,,,,,,,,,,,,,,
Zubní Pohotovost,https://www.eucklinika.cz/plzen/nase-oddeleni/sluzby-v-zarizeni/zubni-pohotovost,,,,,,,,,,,,,,,,,,,,,,
Soukromá zubní ordinace,http://www.koukolik-zub.cz/,,,,,,,,,,,,,,,,,,,,,,
Smile Dental,http://www.smiledental.cz/kontakt,,,,,,,,,,,,,,,,,,,,,,
DENTA - Centrum zubní péče s.r.o.,http://www.dentaplzen.cz/,,,,,,,,,,,,,,,,,,,,,,
Zubní centrum Nerudovka s.r.o.,http://zubni-nerudovka.cz/,,,,,,,,,,,,,,,,,,,,,,
Apolona Dental s.r.o.,http://apolonadental.cz/,,,,,,,,,,,,,,,,,,,,,,
Amident s.r.o. - MDDr. Michael Urban,http://amident.katalog-stomatologu.cz/,,,,,,,,,,,,,,,,,,,,,,
MDDr. Taha Deemyad,https://www.smiledesignstudio.cz/,,,,,,,,,,,,,,,,,,,,,,
Complexdental zubní ordinace,http://www.complexdental.cz/,,,,,,,,,,,,,,,,,,,,,,
DENTONIA s.r.o.,http://www.dentonia.cz/,,,,,,,,,,,,,,,,,,,,,,
Zdravé zuby Krásný úsměv,http://www.zubni-justova.cz/,,,,,,,,,,,,,,,,,,,,,,
Jambura Dent s.r.o.,http://www.jamburadent.cz/,,,,,,,,,,,,,,,,,,,,,,
Dentima sro,https://www.dentima.cz/,,,,,,,,,,,,,,,,,,,,,,
Dimitris Dental s.r.o.,http://dimitrisdental.cz/,,,,,,,,,,,,,,,,,,,,,,
Dentalza s.r.o,http://www.kataloglekaru.cz/cz/katalog/x/dle-zarizeni/samostatna-ordinace/plzensky/plzen-mesto/mddr-stepan-melichar-dentalza-s-r-o.html,,,,,,,,,,,,,,,,,,,,,,
Zubní klinika ZvolanekDental - MUDr. Jiří Zvolánek,http://www.zvolanekdental.cz/,,,,,,,,,,,,,,,,,,,,,,
Stomatologie a zubní implantáty Poladent s.r.o.,https://www.poladent.cz/,,,,,,,,,,,,,,,,,,,,,,
MUDr. Alena Skolková - Zubní ordinace,http://mudr-skolkova-alena.katalog-stomatologu.cz/,,,,,,,,,,,,,,,,,,,,,,
Zubní ordinace Plzeň Jižní předměstí,https://www.zubni-plzen-jiznipredmesti.cz/,,,,,,,,,,,,,,,,,,,,,,
"MUDr. Kateřina Houfová, MUDr. Pavel Houf, DiS. - HomeoDent s.r.o.",http://www.homeodent.cz/,,,,,,,,,,,,,,,,,,,,,,
MUDr. Nataša Kuralová - praktický zubní lékař (U Modrého zubu),http://www.modryzub.eu/,,,,,,,,,,,,,,,,,,,,,,
Dentální hygiena Plzeň - Michaela Houšková,https://www.dentalnihygienaplzen.cz/,,,,,,,,,,,,,,,,,,,,,,
MUDr. Čechura Ladislav,http://www.optident.cz/,,,,,,,,,,,,,,,,,,,,,,
MUDr. Jan Nerad,http://www.zubarplzen.cz/,,,,,,,,,,,,,,,,,,,,,,
Zubní ordinace DENTIKLOS,https://dentiklos.cz/,,,,,,,,,,,,,,,,,,,,,,
Zubní ordinace U modrého zubu,http://www.modryzub.eu/,,,,,,,,,,,,,,,,,,,,,,
MUDr. Eva Mlejnská,http://mudr-eva-mlejnska.katalog-stomatologu.cz/,,,,,,,,,,,,,,,,,,,,,,
Stomatologická klinika FN Plzeň,https://stom.fnplzen.cz/,,,,,,,,,,,,,,,,,,,,,,
MUDr. Mastný Petr - soukromá zubní ordinace,http://www.drmastny.cz/,,,,,,,,,,,,,,,,,,,,,,
EUC Klinika Plzeň,https://euc.cz/nase-zarizeni/kliniky/euc-klinika-plzen/,,,,,,,,,,,,,,,,,,,,,,
"MEDIKI, s. r. o.",http://www.mediki.cz/,,,,,,,,,,,,,,,,,,,,,,
OptiDent s.r.o.,http://www.optident.cz/,,,,,,,,,,,,,,,,,,,,,,
Dentavia Group s.r.o. - MUDr. Pavel Vlnař,http://www.dentavia.cz/,,,,,,,,,,,,,,,,,,,,,,
Bajcura Jan MUDr.,http://mudr-lekar.com/lekar-14095-mudr-jan-bajcura,,,,,,,,,,,,,,,,,,,,,,
MUDr. Jiří Mastný - soukromá zubní ordinace,http://www.drmastny.cz/,,,,,,,,,,,,,,,,,,,,,,
Stomatologie MUDr. Pavla Korandová,http://www.harlas.cz/stomatologie/,,,,,,,,,,,,,,,,,,,,,,
Soukromá zubní ordinace Plzeň,http://www.dentica.cz/,,,,,,,,,,,,,,,,,,,,,,
"Zubní Lékař Benešová Eva MUDr., Beneš Martin MUDr.",http://zubni-benesovi.cz/,,,,,,,,,,,,,,,,,,,,,,
Zubař Plzeň,http://www.zubarplzen.cz/zubni-ordinace-plzen,,,,,,,,,,,,,,,,,,,,,,
MUDr. Jakl Rudolf,http://www.stomatologie-jakl.cz/,,,,,,,,,,,,,,,,,,,,,,
MUDr. Zdeňka Švehláková,http://mudrsvehlakova.cz/,,,,,,,,,,,,,,,,,,,,,,
MUDr. Romana Koželuhová - PROTETIK zubní ordinace s. r. o.,https://www.kozeluhova-zubni.cz/,,,,,,,,,,,,,,,,,,,,,,
"M.A. Zubní péče, s.r.o.",https://www.mazubnipece.cz/,,,,,,,,,,,,,,,,,,,,,,
"Soukromá zubní praxe, parodontologie MUDr. Martina Menclová",https://mudr-martina-menclova.katalog-stomatologu.cz/,,,,,,,,,,,,,,,,,,,,,,
Zubní Lékař Vereščínská Ludmila MUDr.,https://www.zubni-lekari.cz/lekar/mudr-ludmila-verescinska-plzen.html,,,,,,,,,,,,,,,,,,,,,,
Soukromá zubní ordinace,https://www.mkclinic.cz/,,,,,,,,,,,,,,,,,,,,,,
OptiDent s.r.o,https://www.optident.cz/,,,,,,,,,,,,,,,,,,,,,,
MDDr. Tereza Hodková - Samostatná ordinace PL-stomatologa,https://www.zubarka-plzen.cz/,,,,,,,,,,,,,,,,,,,,,,
Plzeňská dentální hygiena,http://www.plzenskadentalnihygiena.cz/,,,,,,,,,,,,,,,,,,,,,,
B- Orto,http://b-orto.cz/,,,,,,,,,,,,,,,,,,,,,,
OrDentAll,http://ordentall.cz/,,,,,,,,,,,,,,,,,,,,,,
"AllegroDent, s.r.o.",https://www.poliklinikadoubravka.cz/lekari/allegrodent-s-r-o/,,,,,,,,,,,,,,,,,,,,,,
Mudr. Paruchová Milena,http://www.mportodoncie.cz/,,,,,,,,,,,,,,,,,,,,,,
MUDr. Kamila Hirschfeldová,http://mudr-hirschfeldova-kamila.katalog-stomatologu.cz/,,,,,,,,,,,,,,,,,,,,,,
SAFA Dent s.r.o.,http://www.safadent.cz/,,,,,,,,,,,,,,,,,,,,,,
Dentální hygiena,http://zubarka-plzen.cz/,,,,,,,,,,,,,,,,,,,,,,
Dental Relief,http://www.dentalrelief.cz/,,,,,,,,,,,,,,,,,,,,,,
iStoma s.r.o. MDDr. Irena Černá,http://www.istoma.cz/,,,,,,,,,,,,,,,,,,,,,,
Brož Dent,http://www.brozdent.cz/,,,,,,,,,,,,,,,,,,,,,,
dentální klinika - DARIDENT - karlovy vary,http://www.darident.cz/,,,,,,,,,,,,,,,,,,,,,,
PrivaDent - soukromá zubní klinika,http://www.privadent.cz/,,,,,,,,,,,,,,,,,,,,,,
PremiumDentioClinic MDDr. Daniel Roman,http://www.premiumdentio.cz/,,,,,,,,,,,,,,,,,,,,,,
MUDr. Ivana Juránková - Zubní lékař + ordinace Dentální hygieny,https://juradent.cz/,,,,,,,,,,,,,,,,,,,,,,
Clinic for Smile - zubní klinika,http://www.clinicforsmile.cz/?utm_source=GoogleMyBusiness&utm_medium=linkgoogle&utm_campaign=Smile&utm_term=organic,,,,,,,,,,,,,,,,,,,,,,
Avadent Estetic Stomatology,https://avadent.vanastudio.cz/,,,,,,,,,,,,,,,,,,,,,,
Albrechtová Gabriela MUDr.,https://www.znamylekar.cz/gabriela-albrechtova/zubar/karlovy-vary,,,,,,,,,,,,,,,,,,,,,,
MUDr. Faez Al Haboubi,http://www.tooth.cz/,,,,,,,,,,,,,,,,,,,,,,
Centrum zubní chirurgie a implantologie Dr. Zanoščuk & Syn,http://kv-implant.cz/,,,,,,,,,,,,,,,,,,,,,,
USMÍVEJTE SE s.r.o.,http://www.usmivejte-se.cz/,,,,,,,,,,,,,,,,,,,,,,
"MUDr. Martin Maliňák, soukromá zubní ordinace",http://www.malinak.com/,,,,,,,,,,,,,,,,,,,,,,
Maliňáková Miroslava MUDr.,http://malinak.com/,,,,,,,,,,,,,,,,,,,,,,
Petrisko Milan MUDr.,https://www.firmy.cz/detail/384322-mudr-milan-petrisko-karlovy-vary.html,,,,,,,,,,,,,,,,,,,,,,
NV dent sro,https://nvdent.cz/,,,,,,,,,,,,,,,,,,,,,,
Zubní lékařská služba první pomoci,https://nemkv.cz/,,,,,,,,,,,,,,,,,,,,,,
ROYAL DENT - zubní laboratoř,http://royaldent.cz/,,,,,,,,,,,,,,,,,,,,,,
MUDr. Jindra Kubínová,https://www.znamylekar.cz/jindra-kubinova/zubar/karlovy-vary,,,,,,,,,,,,,,,,,,,,,,
Oridental s.r.o,https://oridental.cz/,,,,,,,,,,,,,,,,,,,,,,
"Dentální hygiena - Jana Švojgrová, DiS.",https://www.facebook.com/dentalnihygienasvojgrova/?fref=ts,,,,,,,,,,,,,,,,,,,,,,
Svobodová Viléma MUDr.,http://www.zubniotovice.24s.cz/,,,,,,,,,,,,,,,,,,,,,,
SpaDentist,https://spadentist.cz/kontakt,,,,,,,,,,,,,,,,,,,,,,
RV Dental sro,https://rvdental.cz/,,,,,,,,,,,,,,,,,,,,,,
KV Orto,http://www.kv-orto.cz/kontakt/,,,,,,,,,,,,,,,,,,,,,,
Asklepion,http://www.asklepion.cz/kontakt/karlovy-vary,,,,,,,,,,,,,,,,,,,,,,
YATROGEN Consulting ltd.,http://www.yatrogen.eu/,,,,,,,,,,,,,,,,,,,,,,
MUDr. Ritschel Petr,https://www.znamylekar.cz/petr-ritschel/zubar/karlovy-vary,,,,,,,,,,,,,,,,,,,,,,
Dental praxis,http://www.dentalpraxis.cz/de/kontakt.php,,,,,,,,,,,,,,,,,,,,,,
Derma Medical Clinic,https://dermamedicalclinic.cz/,,,,,,,,,,,,,,,,,,,,,,
The Home of Becherovka | Návštěvnické Centrum – Visitor Center,http://www.becherovka.com/,,,,,,,,,,,,,,,,,,,,,,
OSKKV,http://www.oskkv.cz/54-kontakt/,,,,,,,,,,,,,,,,,,,,,,
AXION Dental Dock Cheb,http://www.axiondental.cz/,,,,,,,,,,,,,,,,,,,,,,
AP Dent s.r.o. Zubní centrum,https://www.apdent.cz/,,,,,,,,,,,,,,,,,,,,,,
Fitdent sro,http://www.fitdent.cz/,,,,,,,,,,,,,,,,,,,,,,
MUDr. Ondřej Mareš,http://omzubniordinace.cz/,,,,,,,,,,,,,,,,,,,,,,
MUDr. Věra Svobodová,https://mudr-vera-svobodova.katalog-stomatologu.cz/,,,,,,,,,,,,,,,,,,,,,,
Fitdent pobočka Komenského,https://fitdent.cz/kontakt/,,,,,,,,,,,,,,,,,,,,,,
Zubní ordinace Dent Doktor,http://dent-doktor.com/,,,,,,,,,,,,,,,,,,,,,,
"Karina Dobrovolná, DiS. - Dentální hygiena Cheb",https://karina-dobrovolna-dis.katalog-stomatologu.cz/,,,,,,,,,,,,,,,,,,,,,,
Ortodoncie Cheb,https://rovnatkacheb.cz/,,,,,,,,,,,,,,,,,,,,,,
Nemocnice Cheb,https://nemcheb.cz/,,,,,,,,,,,,,,,,,,,,,,
Zubni ordinace Sokolov,https://nargiza1981.wixsite.com/mysite,,,,,,,,,,,,,,,,,,,,,,
Martin Dental s.r.o.,http://www.martin-dental.cz/,,,,,,,,,,,,,,,,,,,,,,
Léčebně preventivní zařízení s.r.o.,https://lpzsokolov.cz/,,,,,,,,,,,,,,,,,,,,,,
Zubní laboratoř,https://www.spirik.cz/kontakt/,,,,,,,,,,,,,,,,,,,,,,
"Zubní ordinace Kůrovi, s.r.o.",http://www.kurazubar.cz/,,,,,,,,,,,,,,,,,,,,,,
MUDr. Dagmar Petrmichlová - NiceFace medical - zubní ordinace,https://www.nicefacemedical.cz/,,,,,,,,,,,,,,,,,,,,,,
Zubní Lékař Tachovská Anna MUDr.,http://mudr-anna-tachovska.katalog-stomatologu.cz/,,,,,,,,,,,,,,,,,,,,,,
MUDr. David Chobot,http://www.mudrdavidchobot.cz/,,,,,,,,,,,,,,,,,,,,,,
"MUDr. Veronika Nováková - Zubní ordinace u muzea, s.r.o.",http://mudr-novakova-veronika.katalog-stomatologu.cz/,,,,,,,,,,,,,,,,,,,,,,
Zubní lékař Klatovy | MUDr. Dominik Baštař a MDDr. Adéla Baštařová,http://www.zubniordinaceklatovy.cz/,,,,,,,,,,,,,,,,,,,,,,
MUDr. Králíková Věra,https://mudr-vera-kralikova.katalog-stomatologu.cz/,,,,,,,,,,,,,,,,,,,,,,
MUDr. František Jelínek,http://mudr-frantisek-jelinek.katalog-stomatologu.cz/,,,,,,,,,,,,,,,,,,,,,,
Zubní ordinace Dr.VoŠtěp s.r.o.,http://dr.vostep.eu/,,,,,,,,,,,,,,,,,,,,,,
MUDr. Semerádová Helena,https://nrpzs.uzis.cz/detail-94955-mudr-helena-semeradova.html,,,,,,,,,,,,,,,,,,,,,,
MUDr. Milena Kocumová - Praktický zubní lékař,https://www.zubni-lekari.cz/lekar/mudr-milena-kocumova-klatovy.html,,,,,,,,,,,,,,,,,,,,,,
Soukromá zubní ordinace MDDr. Adéla Baštařová,http://www.zubniordinaceklatovy.cz/,,,,,,,,,,,,,,,,,,,,,,
MDDr. Šotová Karolína,http://www.belenizubuklatovy.cz/,,,,,,,,,,,,,,,,,,,,,,
MUDr. Naděžda Bydžovská - Zubní lékař,http://mudr-nadezda-bydzovska.katalog-stomatologu.cz/,,,,,,,,,,,,,,,,,,,,,,
Zubatý svět,https://www.zubatysvet.cz/,,,,,,,,,,,,,,,,,,,,,,
Poliklinika Tachov,http://www.poltc.cz/,,,,,,,,,,,,,,,,,,,,,,
Čistíme zuby Tachov,http://cistimezubytachov.cz/,,,,,,,,,,,,,,,,,,,,,,
Zubní lékař Dr. Noor Kharboutli,https://www.znamylekar.cz/noor-kharboutli,,,,,,,,,,,,,,,,,,,,,,
Měšťanová Rita MUDr.,https://wood.dix.cz/zubni-ordinace/,,,,,,,,,,,,,,,,,,,,,,
MUDr. Zdenka Zítková,https://www.znamylekar.cz/zdenka-zitkova/zubar/rokycany,,,,,,,,,,,,,,,,,,,,,,
Stomatologická ordinace MUDr. Svatava Živná,https://www.facebook.com/profile.php?id=100048677534064,,,,,,,,,,,,,,,,,,,,,,
MDDr. Jan Fidler,https://oteviracka.cz/detail/mddr-jan-fidler-decin-riegrova-zubni/,,,,,,,,,,,,,,,,,,,,,,
Křemenová Alena MUDr.,https://www.znamylekar.cz/alena-kremenova/zubar/decin,,,,,,,,,,,,,,,,,,,,,,
"Dentální hygiena Pavlína Peterová, DiS",https://www.dentalnihygiena-teplicka.cz/,,,,,,,,,,,,,,,,,,,,,,
Comfort Smile s.r.o.,http://comfortsmile.cz/,,,,,,,,,,,,,,,,,,,,,,
"Gabriela Nováková, DiS - dentální hygiena",http://www.brodani.cz/dentalni-hygiena/,,,,,,,,,,,,,,,,,,,,,,
Koruna Dental Clinic,https://korunadental.cz/,,,,,,,,,,,,,,,,,,,,,,
Zubní Lékař Fraňková Radka MDDr.,https://www.facebook.com/profile.php?id=100087251176122,,,,,,,,,,,,,,,,,,,,,,
Ordinace na kolonádě s.r.o.,https://www.ordinacenakolonade.cz/,,,,,,,,,,,,,,,,,,,,,,
Dr.Boris Zlenko - Zubář,https://sites.google.com/view/dentexpert-clinic/home,,,,,,,,,,,,,,,,,,,,,,
Canadian Medical Waltrovka,https://www.google.com/aclk?sa=L&ai=DChsSEwj2-fXWmN-VAxW1R0cBHansK6QYACICCAEQBhoCcXU&co=1&ase=2&gclid=EAIaIQobChMI9vn11pjflQMVtUdHAR2p7CukEBAYASAAEgI5QPD_BwE&category=acrcp_v1_32&sig=AOD64_3S7kcLaRBj2Aq5iXdMFN_cUJ_7nw&adurl&q&ctype=99&nis=6,,,,,,,,,,,,,,,,,,,,,,
Stomatologie Estoma Clinic,https://estoma-clinic.cz/,,,,,,,,,,,,,,,,,,,,,,
Dentální centrum ÚSMĚV,http://www.dc-usmev.cz/,,,,,,,,,,,,,,,,,,,,,,
Fitdental,http://www.fitdental.cz/zubni-klinika-melnik,,,,,,,,,,,,,,,,,,,,,,
Nuovodent Mělník s.r.o.,https://nuovodent.cz/,,,,,,,,,,,,,,,,,,,,,,
OmegaMedikal,http://www.omegamedikal.cz/,,,,,,,,,,,,,,,,,,,,,,
MUDr. Jaromíra Prokešová,http://mudr-prokesova-jaromira.katalog-stomatologu.cz/,,,,,,,,,,,,,,,,,,,,,,
Almaty s.r.o,http://gelver.xdent.cz/,,,,,,,,,,,,,,,,,,,,,,
Klinika U Zámku - MDDr. Veronika Patočková,http://www.ortodonciemelnik.cz/,,,,,,,,,,,,,,,,,,,,,,
Breg S.r.o.,https://www.bregdental.cz/,,,,,,,,,,,,,,,,,,,,,,
Centrum Dentální Hygieny Mělník,http://www.cdhm.cz/,,,,,,,,,,,,,,,,,,,,,,
"Denta, S.r.o.",http://www.dentaplzen.cz/,,,,,,,,,,,,,,,,,,,,,,